Day,Time,UNIX Timestamp
08/04/25,6:00,1754312400
08/04/25,7:00,1754316000
08/04/25,8:00,1754319600
08/04/25,9:00,1754323200
08/04/25,10:00,1754326800
08/04/25,11:00,1754330400
08/04/25,12:00,1754334000
08/04/25,13:00,1754337600
08/04/25,14:00,1754341200
08/04/25,15:00,1754344800
08/04/25,16:00,1754348400
08/04/25,17:00,1754352000
08/04/25,18:00,1754355600
08/04/25,19:00,1754359200
08/04/25,20:00,1754362800
08/04/25,21:00,1754366400
08/04/25,22:00,1754370000
08/05/25,6:00,1754398800
08/05/25,7:00,1754402400
08/05/25,8:00,1754406000
08/05/25,9:00,1754409600
08/05/25,10:00,1754413200
08/05/25,11:00,1754416800
08/05/25,12:00,1754420400
08/05/25,13:00,1754424000
08/05/25,14:00,1754427600
08/05/25,15:00,1754431200
08/05/25,16:00,1754434800
08/05/25,17:00,1754438400
08/05/25,18:00,1754442000
08/05/25,19:00,1754445600
08/05/25,20:00,1754449200
08/05/25,21:00,1754452800
08/05/25,22:00,1754456400
08/06/25,6:00,1754485200
08/06/25,7:00,1754488800
08/06/25,8:00,1754492400
08/06/25,9:00,1754496000
08/06/25,10:00,1754499600
08/06/25,11:00,1754503200
08/06/25,12:00,1754506800
08/06/25,13:00,1754510400
08/06/25,14:00,1754514000
08/06/25,15:00,1754517600
08/06/25,16:00,1754521200
08/06/25,17:00,1754524800
08/06/25,18:00,1754528400
08/06/25,19:00,1754532000
08/06/25,20:00,1754535600
08/06/25,21:00,1754539200
08/06/25,22:00,1754542800
08/07/25,6:00,1754571600
08/07/25,7:00,1754575200
08/07/25,8:00,1754578800
08/07/25,9:00,1754582400
08/07/25,10:00,1754586000
08/07/25,11:00,1754589600
08/07/25,12:00,1754593200
08/07/25,13:00,1754596800
08/07/25,14:00,1754600400
08/07/25,15:00,1754604000
08/07/25,16:00,1754607600
08/07/25,17:00,1754611200
08/07/25,18:00,1754614800
08/07/25,19:00,1754618400
08/07/25,20:00,1754622000
08/07/25,21:00,1754625600
08/07/25,22:00,1754629200
08/08/25,6:00,1754658000
08/08/25,7:00,1754661600
08/08/25,8:00,1754665200
08/08/25,9:00,1754668800
08/08/25,10:00,1754672400
08/08/25,11:00,1754676000
08/08/25,12:00,1754679600
08/08/25,13:00,1754683200
08/08/25,14:00,1754686800
08/08/25,15:00,1754690400
08/08/25,16:00,1754694000
08/08/25,17:00,1754697600
08/08/25,18:00,1754701200
08/08/25,19:00,1754704800
08/08/25,20:00,1754708400
08/08/25,21:00,1754712000
08/08/25,22:00,1754715600
08/09/25,6:00,1754744400
08/09/25,7:00,1754748000
08/09/25,8:00,1754751600
08/09/25,9:00,1754755200
08/09/25,10:00,1754758800
08/09/25,11:00,1754762400
08/09/25,12:00,1754766000
08/09/25,13:00,1754769600
08/09/25,14:00,1754773200
08/09/25,15:00,1754776800
08/09/25,16:00,1754780400
08/09/25,17:00,1754784000
08/09/25,18:00,1754787600
08/09/25,19:00,1754791200
08/09/25,20:00,1754794800
08/09/25,21:00,1754798400
08/09/25,22:00,1754802000
08/10/25,6:00,1754830800
08/10/25,7:00,1754834400
08/10/25,8:00,1754838000
08/10/25,9:00,1754841600
08/10/25,10:00,1754845200
08/10/25,11:00,1754848800
08/10/25,12:00,1754852400
08/10/25,13:00,1754856000
08/10/25,14:00,1754859600
08/10/25,15:00,1754863200
08/10/25,16:00,1754866800
08/10/25,17:00,1754870400
08/10/25,18:00,1754874000
08/10/25,19:00,1754877600
08/10/25,20:00,1754881200
08/10/25,21:00,1754884800
08/10/25,22:00,1754888400