dataset,origin_place,destination_place,origin_lat,origin_lng,destination_lat,destination_lng,mode,distance_m,duration_s
train,Historic Chinatown Gate,Pike Place Market,47.598437167923336,-122.3273775033157,47.60939849082073,-122.3418399195103,driving,2153.0,579.0
train,Historic Chinatown Gate,Pike Place Market,47.598437167923336,-122.3273775033157,47.60939849082073,-122.3418399195103,bicycling,2159.0,707.0
train,Historic Chinatown Gate,Pike Place Market,47.598437167923336,-122.3273775033157,47.60939849082073,-122.3418399195103,transit,2152.0,981.0
train,Historic Chinatown Gate,Pike Place Market,47.598437167923336,-122.3273775033157,47.60939849082073,-122.3418399195103,walking,1877.0,1678.0
train,International Fountain,KidsQuest Children's Museum,47.62250232314546,-122.35208589820942,47.62082747299095,-122.19594728787486,driving,16219.0,1115.0
train,International Fountain,KidsQuest Children's Museum,47.62250232314546,-122.35208589820942,47.62082747299095,-122.19594728787486,bicycling,20286.0,4439.0
train,International Fountain,KidsQuest Children's Museum,47.62250232314546,-122.35208589820942,47.62082747299095,-122.19594728787486,transit,22462.0,3437.0
train,International Fountain,KidsQuest Children's Museum,47.62250232314546,-122.35208589820942,47.62082747299095,-122.19594728787486,walking,16267.0,13759.0
train,Jimi Hendrix Statue,Wilburton Station - light rail station,47.61550301473619,-122.32071505564883,47.61794063638405,-122.18378014228747,driving,17763.0,1118.0
train,Jimi Hendrix Statue,Wilburton Station - light rail station,47.61550301473619,-122.32071505564883,47.61794063638405,-122.18378014228747,bicycling,18293.0,3774.0
train,Jimi Hendrix Statue,Wilburton Station - light rail station,47.61550301473619,-122.32071505564883,47.61794063638405,-122.18378014228747,transit,16511.0,3359.0
train,Jimi Hendrix Statue,Wilburton Station - light rail station,47.61550301473619,-122.32071505564883,47.61794063638405,-122.18378014228747,walking,15618.0,13092.0
train,Seattle Chinese Garden,Symphony Station - light rail station,47.55176640036533,-122.3524959672396,47.607796255776215,-122.33604961270477,driving,9550.0,1044.0
train,Seattle Chinese Garden,Symphony Station - light rail station,47.55176640036533,-122.3524959672396,47.607796255776215,-122.33604961270477,bicycling,8556.0,2129.0
train,Seattle Chinese Garden,Symphony Station - light rail station,47.55176640036533,-122.3524959672396,47.607796255776215,-122.33604961270477,transit,9542.0,1624.0
train,Seattle Chinese Garden,Symphony Station - light rail station,47.55176640036533,-122.3524959672396,47.607796255776215,-122.33604961270477,walking,8711.0,7248.0
train,Mercerdale Park,International Fountain,47.58102302782471,-122.23493686187616,47.62250232314546,-122.35208589820942,driving,14224.0,1152.0
train,Mercerdale Park,International Fountain,47.58102302782471,-122.23493686187616,47.62250232314546,-122.35208589820942,bicycling,12547.0,3274.0
train,Mercerdale Park,International Fountain,47.58102302782471,-122.23493686187616,47.62250232314546,-122.35208589820942,transit,12694.0,3286.0
train,Mercerdale Park,International Fountain,47.58102302782471,-122.23493686187616,47.62250232314546,-122.35208589820942,walking,12203.0,10267.0
train,Waterfall Garden,Symphony Station - light rail station,47.60022525656089,-122.33205827262441,47.607796255776215,-122.33604961270477,driving,1161.0,336.0
train,Waterfall Garden,Symphony Station - light rail station,47.60022525656089,-122.33205827262441,47.607796255776215,-122.33604961270477,bicycling,1088.0,502.0
train,Waterfall Garden,Symphony Station - light rail station,47.60022525656089,-122.33205827262441,47.607796255776215,-122.33604961270477,transit,1477.0,497.0
train,Waterfall Garden,Symphony Station - light rail station,47.60022525656089,-122.33205827262441,47.607796255776215,-122.33604961270477,walking,1010.0,977.0
train,Hamilton Viewpoint Park,Lumen Field,47.59327621149741,-122.38603073234243,47.595050883007005,-122.3316718890206,driving,9442.0,755.0
train,Hamilton Viewpoint Park,Lumen Field,47.59327621149741,-122.38603073234243,47.595050883007005,-122.3316718890206,bicycling,8721.0,1977.0
train,Hamilton Viewpoint Park,Lumen Field,47.59327621149741,-122.38603073234243,47.595050883007005,-122.3316718890206,transit,12696.0,3443.0
train,Hamilton Viewpoint Park,Lumen Field,47.59327621149741,-122.38603073234243,47.595050883007005,-122.3316718890206,walking,6024.0,2761.0
train,SeaTac/Airport Station - light rail station,Sky View Observatory - Columbia Center,47.44534852757398,-122.29689677665228,47.604361063516045,-122.33101084091537,driving,20590.0,1212.0
train,SeaTac/Airport Station - light rail station,Sky View Observatory - Columbia Center,47.44534852757398,-122.29689677665228,47.604361063516045,-122.33101084091537,bicycling,23683.0,4758.0
train,SeaTac/Airport Station - light rail station,Sky View Observatory - Columbia Center,47.44534852757398,-122.29689677665228,47.604361063516045,-122.33101084091537,transit,23470.0,2338.0
train,SeaTac/Airport Station - light rail station,Sky View Observatory - Columbia Center,47.44534852757398,-122.29689677665228,47.604361063516045,-122.33101084091537,walking,20527.0,17086.0
train,Historic Chinatown Gate,Roosevelt Station - light rail station,47.598437167923336,-122.3273775033157,47.6760855528612,-122.31600512143781,driving,9873.0,820.0
train,Historic Chinatown Gate,Roosevelt Station - light rail station,47.598437167923336,-122.3273775033157,47.6760855528612,-122.31600512143781,bicycling,9744.0,2574.0
train,Historic Chinatown Gate,Roosevelt Station - light rail station,47.598437167923336,-122.3273775033157,47.6760855528612,-122.31600512143781,transit,10955.0,1208.0
train,Historic Chinatown Gate,Roosevelt Station - light rail station,47.598437167923336,-122.3273775033157,47.6760855528612,-122.31600512143781,walking,9497.0,8223.0
train,Tacoma General Station - light rail station,Klondike Gold Rush National Historical Park,47.2600674682266,-122.45355469130534,47.599293724497805,-122.33177757029932,driving,56304.0,2475.0
train,Tacoma General Station - light rail station,Klondike Gold Rush National Historical Park,47.2600674682266,-122.45355469130534,47.599293724497805,-122.33177757029932,bicycling,68988.0,13819.0
train,Tacoma General Station - light rail station,Klondike Gold Rush National Historical Park,47.2600674682266,-122.45355469130534,47.599293724497805,-122.33177757029932,transit,55425.0,4976.0
train,Tacoma General Station - light rail station,Klondike Gold Rush National Historical Park,47.2600674682266,-122.45355469130534,47.599293724497805,-122.33177757029932,walking,50252.0,36898.0
train,"University of Washington Station
- light rail station",Shoreline South/148th Station - Light rail station,47.65027972126398,-122.30374414254722,47.73609123674782,-122.32524360332111,driving,13096.0,758.0
train,"University of Washington Station
- light rail station",Shoreline South/148th Station - Light rail station,47.65027972126398,-122.30374414254722,47.73609123674782,-122.32524360332111,bicycling,11423.0,3097.0
train,"University of Washington Station
- light rail station",Shoreline South/148th Station - Light rail station,47.65027972126398,-122.30374414254722,47.73609123674782,-122.32524360332111,transit,10501.0,911.0
train,"University of Washington Station
- light rail station",Shoreline South/148th Station - Light rail station,47.65027972126398,-122.30374414254722,47.73609123674782,-122.32524360332111,walking,10738.0,9402.0
train,Kent Station  - train station,Lumen Field,47.38456169019029,-122.23294597098803,47.595050883007005,-122.3316718890206,driving,31410.0,1573.0
train,Kent Station  - train station,Lumen Field,47.38456169019029,-122.23294597098803,47.595050883007005,-122.3316718890206,bicycling,34020.0,6463.0
train,Kent Station  - train station,Lumen Field,47.38456169019029,-122.23294597098803,47.595050883007005,-122.3316718890206,transit,31614.0,4183.0
train,Kent Station  - train station,Lumen Field,47.38456169019029,-122.23294597098803,47.595050883007005,-122.3316718890206,walking,27842.0,22828.0
train,Alki Beach Park,T-Mobile Park,47.58018301977956,-122.40849487681072,47.59146256859391,-122.33264630296841,driving,10520.0,888.0
train,Alki Beach Park,T-Mobile Park,47.58018301977956,-122.40849487681072,47.59146256859391,-122.33264630296841,bicycling,10774.0,2445.0
train,Alki Beach Park,T-Mobile Park,47.58018301977956,-122.40849487681072,47.59146256859391,-122.33264630296841,transit,12676.0,3602.0
train,Alki Beach Park,T-Mobile Park,47.58018301977956,-122.40849487681072,47.59146256859391,-122.33264630296841,walking,8077.0,4417.0
train,Silver Cloud Hotel - Seattle Stadium,"6th Ave Station - light rail station
",47.592565806580176,-122.33370726727544,47.25692010442415,-122.45286364899901,driving,54705.0,2295.0
train,Silver Cloud Hotel - Seattle Stadium,"6th Ave Station - light rail station
",47.592565806580176,-122.33370726727544,47.25692010442415,-122.45286364899901,bicycling,66765.0,13463.0
train,Silver Cloud Hotel - Seattle Stadium,"6th Ave Station - light rail station
",47.592565806580176,-122.33370726727544,47.25692010442415,-122.45286364899901,transit,55924.0,4989.0
train,Silver Cloud Hotel - Seattle Stadium,"6th Ave Station - light rail station
",47.592565806580176,-122.33370726727544,47.25692010442415,-122.45286364899901,walking,51963.0,43781.0
train,Hyatt Regency Lake Washington at Seattle's Southport,Seattle Japanese Garden,47.50275176983241,-122.20492999436894,47.62898814360236,-122.29629747947965,driving,28206.0,1498.0
train,Hyatt Regency Lake Washington at Seattle's Southport,Seattle Japanese Garden,47.50275176983241,-122.20492999436894,47.62898814360236,-122.29629747947965,bicycling,27853.0,5783.0
train,Hyatt Regency Lake Washington at Seattle's Southport,Seattle Japanese Garden,47.50275176983241,-122.20492999436894,47.62898814360236,-122.29629747947965,transit,30256.0,5554.0
train,Hyatt Regency Lake Washington at Seattle's Southport,Seattle Japanese Garden,47.50275176983241,-122.20492999436894,47.62898814360236,-122.29629747947965,walking,22446.0,18616.0
train,Burke Museum of Natural History and Culture,Wilburton Station - light rail station,47.66041766926138,-122.31155621097038,47.61794063638405,-122.18378014228747,driving,16123.0,1147.0
train,Burke Museum of Natural History and Culture,Wilburton Station - light rail station,47.66041766926138,-122.31155621097038,47.61794063638405,-122.18378014228747,bicycling,13960.0,2930.0
train,Burke Museum of Natural History and Culture,Wilburton Station - light rail station,47.66041766926138,-122.31155621097038,47.61794063638405,-122.18378014228747,transit,13501.0,2280.0
train,Burke Museum of Natural History and Culture,Wilburton Station - light rail station,47.66041766926138,-122.31155621097038,47.61794063638405,-122.18378014228747,walking,13241.0,11009.0
train,The Museum of Flight,,,,,,,,
,47.51852230711216,47.615716537757315,-122.2968545863842,Bellevue Square,-122.203733607983,driving,1749580510,,
train,The Museum of Flight,,,,,,,,
,47.51852230711216,47.615716537757315,-122.2968545863842,Bellevue Square,-122.203733607983,bicycling,1749580510,,
train,The Museum of Flight,,,,,,,,
,47.51852230711216,47.615716537757315,-122.2968545863842,Bellevue Square,-122.203733607983,transit,1749580510,,
train,The Museum of Flight,,,,,,,,
,47.51852230711216,47.615716537757315,-122.2968545863842,Bellevue Square,-122.203733607983,walking,1749580510,,
train,Seward Park,Kerry Park,47.549601386258544,-122.25736531434887,47.62947041105963,-122.35993432806126,driving,17261.0,1871.0
train,Seward Park,Kerry Park,47.549601386258544,-122.25736531434887,47.62947041105963,-122.35993432806126,bicycling,15727.0,4154.0
train,Seward Park,Kerry Park,47.549601386258544,-122.25736531434887,47.62947041105963,-122.35993432806126,transit,16941.0,4739.0
train,Seward Park,Kerry Park,47.549601386258544,-122.25736531434887,47.62947041105963,-122.35993432806126,walking,13672.0,11894.0
train,Tukwila Station - train station,Bellevue Square,47.46063891664352,-122.24056557355617,47.61571653775732,-122.20373360798301,driving,23192.0,1391.0
train,Tukwila Station - train station,Bellevue Square,47.46063891664352,-122.24056557355617,47.61571653775732,-122.20373360798301,bicycling,24107.0,5015.0
train,Tukwila Station - train station,Bellevue Square,47.46063891664352,-122.24056557355617,47.61571653775732,-122.20373360798301,transit,24195.0,3489.0
train,Tukwila Station - train station,Bellevue Square,47.46063891664352,-122.24056557355617,47.61571653775732,-122.20373360798301,walking,23483.0,19688.0
train,Old City Hall Station - light rail station,Museum of Pop Culture,47.2577386727111,-122.44042084798907,47.621470125609314,-122.3481282699205,driving,58082.0,2466.0
train,Old City Hall Station - light rail station,Museum of Pop Culture,47.2577386727111,-122.44042084798907,47.621470125609314,-122.3481282699205,bicycling,70483.0,14365.0
train,Old City Hall Station - light rail station,Museum of Pop Culture,47.2577386727111,-122.44042084798907,47.621470125609314,-122.3481282699205,transit,56570.0,5663.0
train,Old City Hall Station - light rail station,Museum of Pop Culture,47.2577386727111,-122.44042084798907,47.621470125609314,-122.3481282699205,walking,54733.0,45844.0
train,Space Needle,Arena Sports Redmond,47.620475865973454,-122.34922662355609,47.68376903917686,-122.14252351825616,driving,25339.0,1604.0
train,Space Needle,Arena Sports Redmond,47.620475865973454,-122.34922662355609,47.68376903917686,-122.14252351825616,bicycling,29269.0,6241.0
train,Space Needle,Arena Sports Redmond,47.620475865973454,-122.34922662355609,47.68376903917686,-122.14252351825616,transit,27872.0,3838.0
train,Space Needle,Arena Sports Redmond,47.620475865973454,-122.34922662355609,47.68376903917686,-122.14252351825616,walking,23257.0,19347.0
train,Aubrey Davis Park,Best Western Plus Pioneer Square Hotel Downtown,47.592027989640826,-122.2445184023096,47.60155451105155,-122.33530747715788,driving,9736.0,665.0
train,Aubrey Davis Park,Best Western Plus Pioneer Square Hotel Downtown,47.592027989640826,-122.2445184023096,47.60155451105155,-122.33530747715788,bicycling,8307.0,1900.0
train,Aubrey Davis Park,Best Western Plus Pioneer Square Hotel Downtown,47.592027989640826,-122.2445184023096,47.60155451105155,-122.33530747715788,transit,10442.0,2109.0
train,Aubrey Davis Park,Best Western Plus Pioneer Square Hotel Downtown,47.592027989640826,-122.2445184023096,47.60155451105155,-122.33530747715788,walking,7807.0,6416.0
train,South Bellevue Station - light rail station,King Street Station - train station,47.5865821232862,-122.19052230985305,47.59768657434635,-122.32948199917803,driving,12828.0,645.0
train,South Bellevue Station - light rail station,King Street Station - train station,47.5865821232862,-122.19052230985305,47.59768657434635,-122.32948199917803,bicycling,12934.0,3295.0
train,South Bellevue Station - light rail station,King Street Station - train station,47.5865821232862,-122.19052230985305,47.59768657434635,-122.32948199917803,transit,13285.0,1092.0
train,South Bellevue Station - light rail station,King Street Station - train station,47.5865821232862,-122.19052230985305,47.59768657434635,-122.32948199917803,walking,12488.0,10454.0
train,Pier 55,Kubota Garden,47.60473848834246,-122.33971581996045,47.513456104891816,-122.26587346070158,driving,15397.0,1012.0
train,Pier 55,Kubota Garden,47.60473848834246,-122.33971581996045,47.513456104891816,-122.26587346070158,bicycling,14576.0,3255.0
train,Pier 55,Kubota Garden,47.60473848834246,-122.33971581996045,47.513456104891816,-122.26587346070158,transit,14836.0,3022.0
train,Pier 55,Kubota Garden,47.60473848834246,-122.33971581996045,47.513456104891816,-122.26587346070158,walking,12941.0,11047.0
train,Juanita Beach Park,Beacon Hill Station - light rail station,47.70461277246282,-122.21481027193994,47.57926798518594,-122.31172740892907,driving,29207.0,1541.0
train,Juanita Beach Park,Beacon Hill Station - light rail station,47.70461277246282,-122.21481027193994,47.57926798518594,-122.31172740892907,bicycling,26065.0,5948.0
train,Juanita Beach Park,Beacon Hill Station - light rail station,47.70461277246282,-122.21481027193994,47.57926798518594,-122.31172740892907,transit,29434.0,4888.0
train,Juanita Beach Park,Beacon Hill Station - light rail station,47.70461277246282,-122.21481027193994,47.57926798518594,-122.31172740892907,walking,23672.0,19852.0
train,Jimi Hendrix Statue,SeaTac/Airport Station - light rail station,47.61550301473619,-122.32071505564883,47.44534852757398,-122.29689677665228,driving,24675.0,1367.0
train,Jimi Hendrix Statue,SeaTac/Airport Station - light rail station,47.61550301473619,-122.32071505564883,47.44534852757398,-122.29689677665228,bicycling,21869.0,4937.0
train,Jimi Hendrix Statue,SeaTac/Airport Station - light rail station,47.61550301473619,-122.32071505564883,47.44534852757398,-122.29689677665228,transit,26696.0,2877.0
train,Jimi Hendrix Statue,SeaTac/Airport Station - light rail station,47.61550301473619,-122.32071505564883,47.44534852757398,-122.29689677665228,walking,21899.0,18525.0
train,International Fountain,"Hilltop District Station - light rail station
",47.62250232314546,-122.35208589820942,47.25176375603252,-122.45169705399127,driving,60512.0,2676.0
train,International Fountain,"Hilltop District Station - light rail station
",47.62250232314546,-122.35208589820942,47.25176375603252,-122.45169705399127,bicycling,70277.0,14326.0
train,International Fountain,"Hilltop District Station - light rail station
",47.62250232314546,-122.35208589820942,47.25176375603252,-122.45169705399127,transit,62349.0,6278.0
train,International Fountain,"Hilltop District Station - light rail station
",47.62250232314546,-122.35208589820942,47.25176375603252,-122.45169705399127,walking,55524.0,46666.0
train,Original Selfie Museum | Seattle,Museum of Illusions - Seattle,47.60778846750169,-122.33979304776203,47.60962649476756,-122.33443924804578,driving,1469.0,404.0
train,Original Selfie Museum | Seattle,Museum of Illusions - Seattle,47.60778846750169,-122.33979304776203,47.60962649476756,-122.33443924804578,bicycling,1494.0,549.0
train,Original Selfie Museum | Seattle,Museum of Illusions - Seattle,47.60778846750169,-122.33979304776203,47.60962649476756,-122.33443924804578,transit,604.0,592.0
train,Original Selfie Museum | Seattle,Museum of Illusions - Seattle,47.60778846750169,-122.33979304776203,47.60962649476756,-122.33443924804578,walking,604.0,592.0
train,Luther Burbank Park,BelRed Station - light rail station,47.591172896963286,-122.2256759261922,47.6244194401804,-122.16565057845678,driving,13580.0,885.0
train,Luther Burbank Park,BelRed Station - light rail station,47.591172896963286,-122.2256759261922,47.6244194401804,-122.16565057845678,bicycling,13514.0,3248.0
train,Luther Burbank Park,BelRed Station - light rail station,47.591172896963286,-122.2256759261922,47.6244194401804,-122.16565057845678,transit,11898.0,2563.0
train,Luther Burbank Park,BelRed Station - light rail station,47.591172896963286,-122.2256759261922,47.6244194401804,-122.16565057845678,walking,10216.0,8673.0
train,Kerry Park,Bellevue Downtown Station - light rail station,47.62947041105963,-122.35993432806126,47.61522588585599,-122.1921148622084,driving,17819.0,1239.0
train,Kerry Park,Bellevue Downtown Station - light rail station,47.62947041105963,-122.35993432806126,47.61522588585599,-122.1921148622084,bicycling,19713.0,4357.0
train,Kerry Park,Bellevue Downtown Station - light rail station,47.62947041105963,-122.35993432806126,47.61522588585599,-122.1921148622084,transit,22736.0,3790.0
train,Kerry Park,Bellevue Downtown Station - light rail station,47.62947041105963,-122.35993432806126,47.61522588585599,-122.1921148622084,walking,17666.0,14767.0
train,Roosevelt Station - light rail station,Luther Burbank Park,47.6760855528612,-122.31600512143781,47.591172896963286,-122.2256759261922,driving,19832.0,1197.0
train,Roosevelt Station - light rail station,Luther Burbank Park,47.6760855528612,-122.31600512143781,47.591172896963286,-122.2256759261922,bicycling,17539.0,3941.0
train,Roosevelt Station - light rail station,Luther Burbank Park,47.6760855528612,-122.31600512143781,47.591172896963286,-122.2256759261922,transit,19831.0,3045.0
train,Roosevelt Station - light rail station,Luther Burbank Park,47.6760855528612,-122.31600512143781,47.591172896963286,-122.2256759261922,walking,16418.0,13738.0
train,Museum of Illusions - Seattle,Jimi Hendrix Statue,47.60962649476756,-122.33443924804578,47.61550301473619,-122.32071505564883,driving,1696.0,463.0
train,Museum of Illusions - Seattle,Jimi Hendrix Statue,47.60962649476756,-122.33443924804578,47.61550301473619,-122.32071505564883,bicycling,1602.0,673.0
train,Museum of Illusions - Seattle,Jimi Hendrix Statue,47.60962649476756,-122.33443924804578,47.61550301473619,-122.32071505564883,transit,1516.0,627.0
train,Museum of Illusions - Seattle,Jimi Hendrix Statue,47.60962649476756,-122.33443924804578,47.61550301473619,-122.32071505564883,walking,1483.0,1446.0
train,Lake Union Park,Woodland Park Rose Garden,47.62709090421509,-122.33713195940298,47.66576035818477,-122.34934114465352,driving,5582.0,622.0
train,Lake Union Park,Woodland Park Rose Garden,47.62709090421509,-122.33713195940298,47.66576035818477,-122.34934114465352,bicycling,4911.0,1482.0
train,Lake Union Park,Woodland Park Rose Garden,47.62709090421509,-122.33713195940298,47.66576035818477,-122.34934114465352,transit,5761.0,1760.0
train,Lake Union Park,Woodland Park Rose Garden,47.62709090421509,-122.33713195940298,47.66576035818477,-122.34934114465352,walking,4887.0,4329.0
train,Henry Art Gallery,Northgate Station - light rail station,47.656270488379,-122.31172287699964,47.70300515566221,-122.328330294838,driving,6936.0,585.0
train,Henry Art Gallery,Northgate Station - light rail station,47.656270488379,-122.31172287699964,47.70300515566221,-122.328330294838,bicycling,6644.0,1938.0
train,Henry Art Gallery,Northgate Station - light rail station,47.656270488379,-122.31172287699964,47.70300515566221,-122.328330294838,transit,5811.0,1083.0
train,Henry Art Gallery,Northgate Station - light rail station,47.656270488379,-122.31172287699964,47.70300515566221,-122.328330294838,walking,6111.0,5321.0
train,Lynnwood City Center Station - Light rail station,Historic Chinatown Gate,47.81563114306697,-122.29482461527935,47.598437167923336,-122.3273775033157,driving,26329.0,1268.0
train,Lynnwood City Center Station - Light rail station,Historic Chinatown Gate,47.81563114306697,-122.29482461527935,47.598437167923336,-122.3273775033157,bicycling,28982.0,6637.0
train,Lynnwood City Center Station - Light rail station,Historic Chinatown Gate,47.81563114306697,-122.29482461527935,47.598437167923336,-122.3273775033157,transit,27861.0,2410.0
train,Lynnwood City Center Station - Light rail station,Historic Chinatown Gate,47.81563114306697,-122.29482461527935,47.598437167923336,-122.3273775033157,walking,26658.0,22259.0
train,T-Mobile Park,Sky View Observatory - Columbia Center,47.59146256859391,-122.33264630296841,47.604361063516045,-122.33101084091537,driving,1881.0,469.0
train,T-Mobile Park,Sky View Observatory - Columbia Center,47.59146256859391,-122.33264630296841,47.604361063516045,-122.33101084091537,bicycling,2034.0,601.0
train,T-Mobile Park,Sky View Observatory - Columbia Center,47.59146256859391,-122.33264630296841,47.604361063516045,-122.33101084091537,transit,1711.0,1068.0
train,T-Mobile Park,Sky View Observatory - Columbia Center,47.59146256859391,-122.33264630296841,47.604361063516045,-122.33101084091537,walking,1531.0,1409.0
train,Symphony Station - light rail station,Seattle–Tacoma International Airport,47.607796255776215,-122.33604961270477,47.448302886749694,-122.3086333658404,driving,22213.0,1095.0
train,Symphony Station - light rail station,Seattle–Tacoma International Airport,47.607796255776215,-122.33604961270477,47.448302886749694,-122.3086333658404,bicycling,22948.0,5047.0
train,Symphony Station - light rail station,Seattle–Tacoma International Airport,47.607796255776215,-122.33604961270477,47.448302886749694,-122.3086333658404,transit,23984.0,3371.0
train,Symphony Station - light rail station,Seattle–Tacoma International Airport,47.607796255776215,-122.33604961270477,47.448302886749694,-122.3086333658404,walking,20401.0,17213.0
train,Auburn Station  - train station,King Street Station - train station,47.30652362815994,-122.23213787488525,47.59768657434635,-122.32948199917803,driving,43923.0,1942.0
train,Auburn Station  - train station,King Street Station - train station,47.30652362815994,-122.23213787488525,47.59768657434635,-122.32948199917803,bicycling,40379.0,7898.0
train,Auburn Station  - train station,King Street Station - train station,47.30652362815994,-122.23213787488525,47.59768657434635,-122.32948199917803,transit,48914.0,3877.0
train,Auburn Station  - train station,King Street Station - train station,47.30652362815994,-122.23213787488525,47.59768657434635,-122.32948199917803,walking,36593.0,29840.0
train,"South Tacoma Station
 - train station",Sonder RailSpur Apartments Pioneer Square,47.20384206990258,-122.48552882076079,47.598610725936354,-122.33350489820695,driving,58900.0,2566.0
train,"South Tacoma Station
 - train station",Sonder RailSpur Apartments Pioneer Square,47.20384206990258,-122.48552882076079,47.598610725936354,-122.33350489820695,bicycling,72400.0,14255.0
train,"South Tacoma Station
 - train station",Sonder RailSpur Apartments Pioneer Square,47.20384206990258,-122.48552882076079,47.598610725936354,-122.33350489820695,transit,62150.0,6324.0
train,"South Tacoma Station
 - train station",Sonder RailSpur Apartments Pioneer Square,47.20384206990258,-122.48552882076079,47.598610725936354,-122.33350489820695,walking,56866.0,47417.0
train,Capitol Hill Station - light rail station,Seattle Pinball Museum,47.619755979512334,-122.32061042657767,47.598062914430656,-122.32478776955406,driving,4160.0,545.0
train,Capitol Hill Station - light rail station,Seattle Pinball Museum,47.619755979512334,-122.32061042657767,47.598062914430656,-122.32478776955406,bicycling,3298.0,647.0
train,Capitol Hill Station - light rail station,Seattle Pinball Museum,47.619755979512334,-122.32061042657767,47.598062914430656,-122.32478776955406,transit,4019.0,795.0
train,Capitol Hill Station - light rail station,Seattle Pinball Museum,47.619755979512334,-122.32061042657767,47.598062914430656,-122.32478776955406,walking,2925.0,2413.0
train,Sumner Station  - train station,Tukwila Int'l Blvd Station - light rail station,47.20163259557312,-122.24457970375572,47.46407137298934,-122.28825649055644,driving,38046.0,1665.0
train,Sumner Station  - train station,Tukwila Int'l Blvd Station - light rail station,47.20163259557312,-122.24457970375572,47.46407137298934,-122.28825649055644,bicycling,37363.0,7453.0
train,Sumner Station  - train station,Tukwila Int'l Blvd Station - light rail station,47.20163259557312,-122.24457970375572,47.46407137298934,-122.28825649055644,transit,44165.0,5303.0
train,Sumner Station  - train station,Tukwila Int'l Blvd Station - light rail station,47.20163259557312,-122.24457970375572,47.46407137298934,-122.28825649055644,walking,33298.0,27832.0
train,Gas Works Park,Stadium District station - light rail station,47.64562277252068,-122.33436095731012,47.26384536950394,-122.44897811185001,driving,63516.0,2733.0
train,Gas Works Park,Stadium District station - light rail station,47.64562277252068,-122.33436095731012,47.26384536950394,-122.44897811185001,bicycling,75864.0,15605.0
train,Gas Works Park,Stadium District station - light rail station,47.64562277252068,-122.33436095731012,47.26384536950394,-122.44897811185001,transit,62855.0,7325.0
train,Gas Works Park,Stadium District station - light rail station,47.64562277252068,-122.33436095731012,47.26384536950394,-122.44897811185001,walking,57137.0,42765.0
train,S 4th Station - light rail station,Seattle Chinese Garden,47.26130353935754,-122.44273789697527,47.55176640036533,-122.3524959672396,driving,52001.0,2315.0
train,S 4th Station - light rail station,Seattle Chinese Garden,47.26130353935754,-122.44273789697527,47.55176640036533,-122.3524959672396,bicycling,62555.0,12779.0
train,S 4th Station - light rail station,Seattle Chinese Garden,47.26130353935754,-122.44273789697527,47.55176640036533,-122.3524959672396,transit,62964.0,6892.0
train,S 4th Station - light rail station,Seattle Chinese Garden,47.26130353935754,-122.44273789697527,47.55176640036533,-122.3524959672396,walking,47407.0,39566.0
train,Roosevelt Station - light rail station,National Nordic Museum,47.6760855528612,-122.31600512143781,47.66841217081013,-122.39252014983086,driving,7810.0,1203.0
train,Roosevelt Station - light rail station,National Nordic Museum,47.6760855528612,-122.31600512143781,47.66841217081013,-122.39252014983086,bicycling,9780.0,1992.0
train,Roosevelt Station - light rail station,National Nordic Museum,47.6760855528612,-122.31600512143781,47.66841217081013,-122.39252014983086,transit,8375.0,1998.0
train,Roosevelt Station - light rail station,National Nordic Museum,47.6760855528612,-122.31600512143781,47.66841217081013,-122.39252014983086,walking,6648.0,5692.0
train,Museum of Illusions - Seattle,Broadmoor Golf Club,47.60962649476756,-122.33443924804578,47.64031319564501,-122.2915176257205,driving,6830.0,583.0
train,Museum of Illusions - Seattle,Broadmoor Golf Club,47.60962649476756,-122.33443924804578,47.64031319564501,-122.2915176257205,bicycling,8109.0,2019.0
train,Museum of Illusions - Seattle,Broadmoor Golf Club,47.60962649476756,-122.33443924804578,47.64031319564501,-122.2915176257205,transit,6381.0,2609.0
train,Museum of Illusions - Seattle,Broadmoor Golf Club,47.60962649476756,-122.33443924804578,47.64031319564501,-122.2915176257205,walking,6004.0,5233.0
train,Pioneer Square Station - light rail station,Symphony Station - light rail station,47.601933279060574,-122.33099575824787,47.607796255776215,-122.33604961270477,driving,1087.0,311.0
train,Pioneer Square Station - light rail station,Symphony Station - light rail station,47.601933279060574,-122.33099575824787,47.607796255776215,-122.33604961270477,bicycling,1005.0,445.0
train,Pioneer Square Station - light rail station,Symphony Station - light rail station,47.601933279060574,-122.33099575824787,47.607796255776215,-122.33604961270477,transit,972.0,352.0
train,Pioneer Square Station - light rail station,Symphony Station - light rail station,47.601933279060574,-122.33099575824787,47.607796255776215,-122.33604961270477,walking,779.0,744.0
train,"6th Ave Station - light rail station
",Tilikum Place,47.25692010442415,-122.45286364899901,47.6183349210154,-122.34747709142152,driving,57311.0,2659.0
train,"6th Ave Station - light rail station
",Tilikum Place,47.25692010442415,-122.45286364899901,47.6183349210154,-122.34747709142152,bicycling,71119.0,14474.0
train,"6th Ave Station - light rail station
",Tilikum Place,47.25692010442415,-122.45286364899901,47.6183349210154,-122.34747709142152,transit,58442.0,6055.0
train,"6th Ave Station - light rail station
",Tilikum Place,47.25692010442415,-122.45286364899901,47.6183349210154,-122.34747709142152,walking,55362.0,46347.0
train,Pike Place Market,Original Selfie Museum | Seattle,47.60939849082073,-122.3418399195103,47.60778846750169,-122.33979304776203,driving,374.0,157.0
train,Pike Place Market,Original Selfie Museum | Seattle,47.60939849082073,-122.3418399195103,47.60778846750169,-122.33979304776203,bicycling,361.0,119.0
train,Pike Place Market,Original Selfie Museum | Seattle,47.60939849082073,-122.3418399195103,47.60778846750169,-122.33979304776203,transit,342.0,314.0
train,Pike Place Market,Original Selfie Museum | Seattle,47.60939849082073,-122.3418399195103,47.60778846750169,-122.33979304776203,walking,342.0,314.0
train,Seattle Chinese Garden,Broadmoor Golf Club,47.55176640036533,-122.3524959672396,47.64031319564501,-122.2915176257205,driving,17184.0,1291.0
train,Seattle Chinese Garden,Broadmoor Golf Club,47.55176640036533,-122.3524959672396,47.64031319564501,-122.2915176257205,bicycling,16882.0,4171.0
train,Seattle Chinese Garden,Broadmoor Golf Club,47.55176640036533,-122.3524959672396,47.64031319564501,-122.2915176257205,transit,18007.0,4514.0
train,Seattle Chinese Garden,Broadmoor Golf Club,47.55176640036533,-122.3524959672396,47.64031319564501,-122.2915176257205,walking,14332.0,12207.0
train,Aubrey Davis Park,Fremont Troll,47.592027989640826,-122.2445184023096,47.65105594466806,-122.34750074191479,driving,16664.0,948.0
train,Aubrey Davis Park,Fremont Troll,47.592027989640826,-122.2445184023096,47.65105594466806,-122.34750074191479,bicycling,14183.0,3522.0
train,Aubrey Davis Park,Fremont Troll,47.592027989640826,-122.2445184023096,47.65105594466806,-122.34750074191479,transit,16547.0,3836.0
train,Aubrey Davis Park,Fremont Troll,47.592027989640826,-122.2445184023096,47.65105594466806,-122.34750074191479,walking,12998.0,10992.0
test,Sonder RailSpur Apartments Pioneer Square,Marymoor Village Station - suburban train line ,47.598610725936354,-122.33350489820695,47.66723127240838,-122.10990989940258,driving,25567.0,1282.0
test,Sonder RailSpur Apartments Pioneer Square,Marymoor Village Station - suburban train line ,47.598610725936354,-122.33350489820695,47.66723127240838,-122.10990989940258,bicycling,30339.0,6989.0
test,Sonder RailSpur Apartments Pioneer Square,Marymoor Village Station - suburban train line ,47.598610725936354,-122.33350489820695,47.66723127240838,-122.10990989940258,transit,26402.0,2951.0
test,Sonder RailSpur Apartments Pioneer Square,Marymoor Village Station - suburban train line ,47.598610725936354,-122.33350489820695,47.66723127240838,-122.10990989940258,walking,24398.0,20767.0
test,Volunteer Park Conservatory,Sumner Station  - train station,47.63210767740743,-122.31574605223666,47.20163259557312,-122.24457970375572,driving,58757.0,2843.0
test,Volunteer Park Conservatory,Sumner Station  - train station,47.63210767740743,-122.31574605223666,47.20163259557312,-122.24457970375572,bicycling,57903.0,10975.0
test,Volunteer Park Conservatory,Sumner Station  - train station,47.63210767740743,-122.31574605223666,47.20163259557312,-122.24457970375572,transit,70634.0,6031.0
test,Volunteer Park Conservatory,Sumner Station  - train station,47.63210767740743,-122.31574605223666,47.20163259557312,-122.24457970375572,walking,52304.0,42818.0
test,SODO Station - light rail station,Bellevue Downtown Station - light rail station,47.581165192600594,-122.32736238031688,47.61522588585599,-122.1921148622084,driving,18229.0,945.0
test,SODO Station - light rail station,Bellevue Downtown Station - light rail station,47.581165192600594,-122.32736238031688,47.61522588585599,-122.1921148622084,bicycling,18572.0,4283.0
test,SODO Station - light rail station,Bellevue Downtown Station - light rail station,47.581165192600594,-122.32736238031688,47.61522588585599,-122.1921148622084,transit,20824.0,2736.0
test,SODO Station - light rail station,Bellevue Downtown Station - light rail station,47.581165192600594,-122.32736238031688,47.61522588585599,-122.1921148622084,walking,17094.0,14337.0
test,Fremont Troll,The Seattle Great Wheel,47.65105594466806,-122.34750074191479,47.60612088117679,-122.34252171878009,driving,5464.0,687.0
test,Fremont Troll,The Seattle Great Wheel,47.65105594466806,-122.34750074191479,47.60612088117679,-122.34252171878009,bicycling,7195.0,1826.0
test,Fremont Troll,The Seattle Great Wheel,47.65105594466806,-122.34750074191479,47.60612088117679,-122.34252171878009,transit,6342.0,2179.0
test,Fremont Troll,The Seattle Great Wheel,47.65105594466806,-122.34750074191479,47.60612088117679,-122.34252171878009,walking,5902.0,4929.0
test,Roanoke Park,Chism Beach Park,47.643558850599135,-122.3202791177817,47.59991928985571,-122.21078492396391,driving,20120.0,1136.0
test,Roanoke Park,Chism Beach Park,47.643558850599135,-122.3202791177817,47.59991928985571,-122.21078492396391,bicycling,15681.0,3434.0
test,Roanoke Park,Chism Beach Park,47.643558850599135,-122.3202791177817,47.59991928985571,-122.21078492396391,transit,22487.0,4752.0
test,Roanoke Park,Chism Beach Park,47.643558850599135,-122.3202791177817,47.59991928985571,-122.21078492396391,walking,13601.0,11389.0
test,Mountlake Terrace Station - Light rail station,Lumen Field,47.78504618330906,-122.31478927811604,47.595050883007005,-122.3316718890206,driving,24199.0,1101.0
test,Mountlake Terrace Station - Light rail station,Lumen Field,47.78504618330906,-122.31478927811604,47.595050883007005,-122.3316718890206,bicycling,23287.0,5629.0
test,Mountlake Terrace Station - Light rail station,Lumen Field,47.78504618330906,-122.31478927811604,47.595050883007005,-122.3316718890206,transit,24305.0,2608.0
test,Mountlake Terrace Station - Light rail station,Lumen Field,47.78504618330906,-122.31478927811604,47.595050883007005,-122.3316718890206,walking,22548.0,18803.0
test,Newcastle Beach Park,"South Tacoma Station
 - train station",47.56581084639867,-122.19010728686807,47.20384206990258,-122.48552882076079,driving,56725.0,2461.0
test,Newcastle Beach Park,"South Tacoma Station
 - train station",47.56581084639867,-122.19010728686807,47.20384206990258,-122.48552882076079,bicycling,61848.0,12604.0
test,Newcastle Beach Park,"South Tacoma Station
 - train station",47.56581084639867,-122.19010728686807,47.20384206990258,-122.48552882076079,transit,73775.0,9768.0
test,Newcastle Beach Park,"South Tacoma Station
 - train station",47.56581084639867,-122.19010728686807,47.20384206990258,-122.48552882076079,walking,57663.0,48300.0
test,Starfire Sports,Volunteer Park Conservatory,47.47001944176469,-122.24941096374927,47.63210767740743,-122.31574605223666,driving,23763.0,1384.0
test,Starfire Sports,Volunteer Park Conservatory,47.47001944176469,-122.24941096374927,47.63210767740743,-122.31574605223666,bicycling,23190.0,5171.0
test,Starfire Sports,Volunteer Park Conservatory,47.47001944176469,-122.24941096374927,47.63210767740743,-122.31574605223666,transit,23147.0,4655.0
test,Starfire Sports,Volunteer Park Conservatory,47.47001944176469,-122.24941096374927,47.63210767740743,-122.31574605223666,walking,20853.0,17956.0
test,Space Needle,Lumen Field,47.620475865973454,-122.34922662355609,47.595050883007005,-122.3316718890206,driving,4887.0,539.0
test,Space Needle,Lumen Field,47.620475865973454,-122.34922662355609,47.595050883007005,-122.3316718890206,bicycling,3720.0,992.0
test,Space Needle,Lumen Field,47.620475865973454,-122.34922662355609,47.595050883007005,-122.3316718890206,transit,4566.0,1927.0
test,Space Needle,Lumen Field,47.620475865973454,-122.34922662355609,47.595050883007005,-122.3316718890206,walking,3592.0,2977.0
test,Kent Station  - train station,Westlake Park,47.38456169019029,-122.23294597098803,47.61094900589339,-122.33702063223053,driving,32294.0,1663.0
test,Kent Station  - train station,Westlake Park,47.38456169019029,-122.23294597098803,47.61094900589339,-122.33702063223053,bicycling,35690.0,7120.0
test,Kent Station  - train station,Westlake Park,47.38456169019029,-122.23294597098803,47.61094900589339,-122.33702063223053,transit,32403.0,4092.0
test,Kent Station  - train station,Westlake Park,47.38456169019029,-122.23294597098803,47.61094900589339,-122.33702063223053,walking,29764.0,24512.0
test,Westlake Station - light rail station,Pier 55,47.61175694210985,-122.3365386185384,47.60473848834246,-122.33971581996045,driving,1385.0,397.0
test,Westlake Station - light rail station,Pier 55,47.61175694210985,-122.3365386185384,47.60473848834246,-122.33971581996045,bicycling,1399.0,421.0
test,Westlake Station - light rail station,Pier 55,47.61175694210985,-122.3365386185384,47.60473848834246,-122.33971581996045,transit,1226.0,610.0
test,Westlake Station - light rail station,Pier 55,47.61175694210985,-122.3365386185384,47.60473848834246,-122.33971581996045,walking,1101.0,929.0
test,Lynnwood City Center Station - Light rail station,Burke Museum of Natural History and Culture,47.81563114306697,-122.29482461527935,47.66041766926138,-122.31155621097038,driving,19956.0,1094.0
test,Lynnwood City Center Station - Light rail station,Burke Museum of Natural History and Culture,47.81563114306697,-122.29482461527935,47.66041766926138,-122.31155621097038,bicycling,23226.0,5229.0
test,Lynnwood City Center Station - Light rail station,Burke Museum of Natural History and Culture,47.81563114306697,-122.29482461527935,47.66041766926138,-122.31155621097038,transit,19139.0,1637.0
test,Lynnwood City Center Station - Light rail station,Burke Museum of Natural History and Culture,47.81563114306697,-122.29482461527935,47.66041766926138,-122.31155621097038,walking,19059.0,15825.0
test,U District Station - light rail station,Seattle Pinball Museum,47.6599735494618,-122.31407798225337,47.598062914430656,-122.32478776955406,driving,8968.0,713.0
test,U District Station - light rail station,Seattle Pinball Museum,47.6599735494618,-122.31407798225337,47.598062914430656,-122.32478776955406,bicycling,8480.0,2083.0
test,U District Station - light rail station,Seattle Pinball Museum,47.6599735494618,-122.31407798225337,47.598062914430656,-122.32478776955406,transit,9175.0,1168.0
test,U District Station - light rail station,Seattle Pinball Museum,47.6599735494618,-122.31407798225337,47.598062914430656,-122.32478776955406,walking,8060.0,6768.0
test,The Gum Wall at Unexpected Productions Improv,Historic Chinatown Gate,47.60835761047191,-122.3403386964607,47.598437167923336,-122.3273775033157,driving,1793.0,432.0
test,The Gum Wall at Unexpected Productions Improv,Historic Chinatown Gate,47.60835761047191,-122.3403386964607,47.598437167923336,-122.3273775033157,bicycling,1726.0,582.0
test,The Gum Wall at Unexpected Productions Improv,Historic Chinatown Gate,47.60835761047191,-122.3403386964607,47.598437167923336,-122.3273775033157,transit,1767.0,807.0
test,The Gum Wall at Unexpected Productions Improv,Historic Chinatown Gate,47.60835761047191,-122.3403386964607,47.598437167923336,-122.3273775033157,walking,1731.0,1476.0
test,Pier 55,Island Crest Park,47.60473848834246,-122.33971581996045,47.55038815689837,-122.22362827521079,driving,14063.0,967.0
test,Pier 55,Island Crest Park,47.60473848834246,-122.33971581996045,47.55038815689837,-122.22362827521079,bicycling,14836.0,3842.0
test,Pier 55,Island Crest Park,47.60473848834246,-122.33971581996045,47.55038815689837,-122.22362827521079,transit,15961.0,3182.0
test,Pier 55,Island Crest Park,47.60473848834246,-122.33971581996045,47.55038815689837,-122.22362827521079,walking,13470.0,11521.0
test,Gas Works Park,Juanita Beach Park,47.64562277252068,-122.33436095731012,47.70461277246282,-122.21481027193994,driving,24587.0,1652.0
test,Gas Works Park,Juanita Beach Park,47.64562277252068,-122.33436095731012,47.70461277246282,-122.21481027193994,bicycling,19465.0,4126.0
test,Gas Works Park,Juanita Beach Park,47.64562277252068,-122.33436095731012,47.70461277246282,-122.21481027193994,transit,23461.0,4607.0
test,Gas Works Park,Juanita Beach Park,47.64562277252068,-122.33436095731012,47.70461277246282,-122.21481027193994,walking,19275.0,15790.0
test,Seattle Aquarium,Seattle Public Library - Central Library,47.60738161055215,-122.34296367108706,47.60665261297587,-122.33218316372471,driving,1083.0,330.0
test,Seattle Aquarium,Seattle Public Library - Central Library,47.60738161055215,-122.34296367108706,47.60665261297587,-122.33218316372471,bicycling,1146.0,586.0
test,Seattle Aquarium,Seattle Public Library - Central Library,47.60738161055215,-122.34296367108706,47.60665261297587,-122.33218316372471,transit,1220.0,893.0
test,Seattle Aquarium,Seattle Public Library - Central Library,47.60738161055215,-122.34296367108706,47.60665261297587,-122.33218316372471,walking,1119.0,1115.0
test,Angle Lake Station - light rail station,Beacon Hill Station - light rail station,47.42298823895366,-122.29787955276633,47.57926798518594,-122.31172740892907,driving,22276.0,1160.0
test,Angle Lake Station - light rail station,Beacon Hill Station - light rail station,47.42298823895366,-122.29787955276633,47.57926798518594,-122.31172740892907,bicycling,21079.0,4418.0
test,Angle Lake Station - light rail station,Beacon Hill Station - light rail station,47.42298823895366,-122.29787955276633,47.57926798518594,-122.31172740892907,transit,21793.0,1809.0
test,Angle Lake Station - light rail station,Beacon Hill Station - light rail station,47.42298823895366,-122.29787955276633,47.57926798518594,-122.31172740892907,walking,20241.0,17000.0
test,Seattle Japanese Garden,Chism Beach Park,47.62898814360236,-122.29629747947965,47.59991928985571,-122.21078492396391,driving,14330.0,1172.0
test,Seattle Japanese Garden,Chism Beach Park,47.62898814360236,-122.29629747947965,47.59991928985571,-122.21078492396391,bicycling,14131.0,3064.0
test,Seattle Japanese Garden,Chism Beach Park,47.62898814360236,-122.29629747947965,47.59991928985571,-122.21078492396391,transit,22110.0,4864.0
test,Seattle Japanese Garden,Chism Beach Park,47.62898814360236,-122.29629747947965,47.59991928985571,-122.21078492396391,walking,13578.0,11363.0
test,Kent Station  - train station,T-Mobile Park,47.38456169019029,-122.23294597098803,47.59146256859391,-122.33264630296841,driving,31071.0,1548.0
test,Kent Station  - train station,T-Mobile Park,47.38456169019029,-122.23294597098803,47.59146256859391,-122.33264630296841,bicycling,33546.0,6378.0
test,Kent Station  - train station,T-Mobile Park,47.38456169019029,-122.23294597098803,47.59146256859391,-122.33264630296841,transit,31093.0,4319.0
test,Kent Station  - train station,T-Mobile Park,47.38456169019029,-122.23294597098803,47.59146256859391,-122.33264630296841,walking,27623.0,22639.0
test,Green Lake Park,SeaTac/Airport Station - light rail station,47.68018985332069,-122.32842851303496,47.44534852757398,-122.29689677665228,driving,31069.0,1554.0
test,Green Lake Park,SeaTac/Airport Station - light rail station,47.68018985332069,-122.32842851303496,47.44534852757398,-122.29689677665228,bicycling,29879.0,6953.0
test,Green Lake Park,SeaTac/Airport Station - light rail station,47.68018985332069,-122.32842851303496,47.44534852757398,-122.29689677665228,transit,34811.0,3960.0
test,Green Lake Park,SeaTac/Airport Station - light rail station,47.68018985332069,-122.32842851303496,47.44534852757398,-122.29689677665228,walking,29975.0,25420.0
test,Burke Museum of Natural History and Culture,Chihuly Garden and Glass,47.66041766926138,-122.31155621097038,47.62054706471586,-122.35046081087614,driving,6996.0,905.0
test,Burke Museum of Natural History and Culture,Chihuly Garden and Glass,47.66041766926138,-122.31155621097038,47.62054706471586,-122.35046081087614,bicycling,8083.0,1768.0
test,Burke Museum of Natural History and Culture,Chihuly Garden and Glass,47.66041766926138,-122.31155621097038,47.62054706471586,-122.35046081087614,transit,9070.0,1419.0
test,Burke Museum of Natural History and Culture,Chihuly Garden and Glass,47.66041766926138,-122.31155621097038,47.62054706471586,-122.35046081087614,walking,6544.0,5461.0
test,Seattle Pinball Museum,East Main Station - light rail station,47.598062914430656,-122.32478776955406,47.608176874389706,-122.19114461036955,driving,15132.0,921.0
test,Seattle Pinball Museum,East Main Station - light rail station,47.598062914430656,-122.32478776955406,47.608176874389706,-122.19114461036955,bicycling,16667.0,3842.0
test,Seattle Pinball Museum,East Main Station - light rail station,47.598062914430656,-122.32478776955406,47.608176874389706,-122.19114461036955,transit,17476.0,2598.0
test,Seattle Pinball Museum,East Main Station - light rail station,47.598062914430656,-122.32478776955406,47.608176874389706,-122.19114461036955,walking,14573.0,12168.0
test,Lakewood Station - train station,Luther Burbank Park,47.1529698916212,-122.49938506575916,47.591172896963286,-122.2256759261922,driving,71586.0,3025.0
test,Lakewood Station - train station,Luther Burbank Park,47.1529698916212,-122.49938506575916,47.591172896963286,-122.2256759261922,bicycling,79074.0,15577.0
test,Lakewood Station - train station,Luther Burbank Park,47.1529698916212,-122.49938506575916,47.591172896963286,-122.2256759261922,transit,79895.0,7398.0
test,Lakewood Station - train station,Luther Burbank Park,47.1529698916212,-122.49938506575916,47.591172896963286,-122.2256759261922,walking,69129.0,57763.0
test,Island Crest Park,"6th Ave Station - light rail station
",47.55038815689837,-122.22362827521079,47.25692010442415,-122.45286364899901,driving,65065.0,2869.0
test,Island Crest Park,"6th Ave Station - light rail station
",47.55038815689837,-122.22362827521079,47.25692010442415,-122.45286364899901,bicycling,67239.0,13747.0
test,Island Crest Park,"6th Ave Station - light rail station
",47.55038815689837,-122.22362827521079,47.25692010442415,-122.45286364899901,transit,72393.0,7389.0
test,Island Crest Park,"6th Ave Station - light rail station
",47.55038815689837,-122.22362827521079,47.25692010442415,-122.45286364899901,walking,62070.0,51986.0
