origin_place,origin_lat,origin_lng,destination_place,destination_lat,destination_lng,mode,duration_sec,distance_m
Seattle Art Museum,47.60751482550527,-122.3379600261628,Space Needle,47.620475865973454,-122.34922662355608,driving,473,2043
Seattle Art Museum,47.60751482550527,-122.3379600261628,Space Needle,47.620475865973454,-122.34922662355608,walking,1695,1969
Seattle Art Museum,47.60751482550527,-122.3379600261628,Space Needle,47.620475865973454,-122.34922662355608,bicycling,683,1999
Seattle Art Museum,47.60751482550527,-122.3379600261628,Space Needle,47.620475865973454,-122.34922662355608,transit,1041,2222
Seattle Art Museum,47.60751482550527,-122.3379600261628,Chihuly Garden and Glass,47.62054706471586,-122.35046081087614,driving,480,2055
Seattle Art Museum,47.60751482550527,-122.3379600261628,Chihuly Garden and Glass,47.62054706471586,-122.35046081087614,walking,1646,1906
Seattle Art Museum,47.60751482550527,-122.3379600261628,Chihuly Garden and Glass,47.62054706471586,-122.35046081087614,bicycling,681,1983
Seattle Art Museum,47.60751482550527,-122.3379600261628,Chihuly Garden and Glass,47.62054706471586,-122.35046081087614,transit,1054,2014
Seattle Art Museum,47.60751482550527,-122.3379600261628,Seattle Aquarium,47.60738161055215,-122.34296367108706,driving,542,2428
Seattle Art Museum,47.60751482550527,-122.3379600261628,Seattle Aquarium,47.60738161055215,-122.34296367108706,walking,494,556
Seattle Art Museum,47.60751482550527,-122.3379600261628,Seattle Aquarium,47.60738161055215,-122.34296367108706,bicycling,282,1092
Seattle Art Museum,47.60751482550527,-122.3379600261628,Seattle Aquarium,47.60738161055215,-122.34296367108706,transit,494,556
Seattle Art Museum,47.60751482550527,-122.3379600261628,Olympic Sculpture Park,47.616598558883176,-122.35531073027671,driving,479,2234
Seattle Art Museum,47.60751482550527,-122.3379600261628,Olympic Sculpture Park,47.616598558883176,-122.35531073027671,walking,1547,1843
Seattle Art Museum,47.60751482550527,-122.3379600261628,Olympic Sculpture Park,47.616598558883176,-122.35531073027671,bicycling,755,1973
Seattle Art Museum,47.60751482550527,-122.3379600261628,Olympic Sculpture Park,47.616598558883176,-122.35531073027671,transit,1059,2237
Seattle Art Museum,47.60751482550527,-122.3379600261628,Museum of Pop Culture,47.621470125609314,-122.3481282699205,driving,550,2458
Seattle Art Museum,47.60751482550527,-122.3379600261628,Museum of Pop Culture,47.621470125609314,-122.3481282699205,walking,1694,1969
Seattle Art Museum,47.60751482550527,-122.3379600261628,Museum of Pop Culture,47.621470125609314,-122.3481282699205,bicycling,706,2157
Seattle Art Museum,47.60751482550527,-122.3379600261628,Museum of Pop Culture,47.621470125609314,-122.3481282699205,transit,911,2093
Seattle Art Museum,47.60751482550527,-122.3379600261628,Discovery Park,47.66122637312634,-122.41720530872853,driving,1328,10672
Seattle Art Museum,47.60751482550527,-122.3379600261628,Discovery Park,47.66122637312634,-122.41720530872853,walking,8510,9986
Seattle Art Museum,47.60751482550527,-122.3379600261628,Discovery Park,47.66122637312634,-122.41720530872853,bicycling,2581,10600
Seattle Art Museum,47.60751482550527,-122.3379600261628,Discovery Park,47.66122637312634,-122.41720530872853,transit,3674,15294
Seattle Art Museum,47.60751482550527,-122.3379600261628,Pike Place Market,47.60939849082073,-122.3418399195103,driving,231,805
Seattle Art Museum,47.60751482550527,-122.3379600261628,Pike Place Market,47.60939849082073,-122.3418399195103,walking,466,512
Seattle Art Museum,47.60751482550527,-122.3379600261628,Pike Place Market,47.60939849082073,-122.3418399195103,bicycling,279,666
Seattle Art Museum,47.60751482550527,-122.3379600261628,Pike Place Market,47.60939849082073,-122.3418399195103,transit,466,512
Seattle Art Museum,47.60751482550527,-122.3379600261628,The Seattle Great Wheel,47.60612088117679,-122.34252171878008,driving,255,988
Seattle Art Museum,47.60751482550527,-122.3379600261628,The Seattle Great Wheel,47.60612088117679,-122.34252171878008,walking,595,661
Seattle Art Museum,47.60751482550527,-122.3379600261628,The Seattle Great Wheel,47.60612088117679,-122.34252171878008,bicycling,382,918
Seattle Art Museum,47.60751482550527,-122.3379600261628,The Seattle Great Wheel,47.60612088117679,-122.34252171878008,transit,595,661
Seattle Art Museum,47.60751482550527,-122.3379600261628,Fremont Troll,47.65105594466806,-122.3475007419148,driving,743,5884
Seattle Art Museum,47.60751482550527,-122.3379600261628,Fremont Troll,47.65105594466806,-122.3475007419148,walking,4540,5282
Seattle Art Museum,47.60751482550527,-122.3379600261628,Fremont Troll,47.65105594466806,-122.3475007419148,bicycling,1530,5687
Seattle Art Museum,47.60751482550527,-122.3379600261628,Fremont Troll,47.65105594466806,-122.3475007419148,transit,1338,5822
Seattle Art Museum,47.60751482550527,-122.3379600261628,Waterfront Park,47.60703330685766,-122.3418278669016,driving,268,1049
Seattle Art Museum,47.60751482550527,-122.3379600261628,Waterfront Park,47.60703330685766,-122.3418278669016,walking,392,427
Seattle Art Museum,47.60751482550527,-122.3379600261628,Waterfront Park,47.60703330685766,-122.3418278669016,bicycling,262,963
Seattle Art Museum,47.60751482550527,-122.3379600261628,Waterfront Park,47.60703330685766,-122.3418278669016,transit,392,427
Seattle Art Museum,47.60751482550527,-122.3379600261628,Kerry Park,47.62947041105963,-122.35993432806126,driving,780,3884
Seattle Art Museum,47.60751482550527,-122.3379600261628,Kerry Park,47.62947041105963,-122.35993432806126,walking,3120,3425
Seattle Art Museum,47.60751482550527,-122.3379600261628,Kerry Park,47.62947041105963,-122.35993432806126,bicycling,1376,3984
Seattle Art Museum,47.60751482550527,-122.3379600261628,Kerry Park,47.62947041105963,-122.35993432806126,transit,1425,3645
Seattle Art Museum,47.60751482550527,-122.3379600261628,The Gum Wall at Unexpected Productions Improv,47.60835761047191,-122.3403386964607,driving,181,658
Seattle Art Museum,47.60751482550527,-122.3379600261628,The Gum Wall at Unexpected Productions Improv,47.60835761047191,-122.3403386964607,walking,320,365
Seattle Art Museum,47.60751482550527,-122.3379600261628,The Gum Wall at Unexpected Productions Improv,47.60835761047191,-122.3403386964607,bicycling,149,272
Seattle Art Museum,47.60751482550527,-122.3379600261628,The Gum Wall at Unexpected Productions Improv,47.60835761047191,-122.3403386964607,transit,320,365
Seattle Art Museum,47.60751482550527,-122.3379600261628,Smith Tower,47.60184879738976,-122.33185426362004,driving,162,795
Seattle Art Museum,47.60751482550527,-122.3379600261628,Smith Tower,47.60184879738976,-122.33185426362004,walking,652,776
Seattle Art Museum,47.60751482550527,-122.3379600261628,Smith Tower,47.60184879738976,-122.33185426362004,bicycling,316,781
Seattle Art Museum,47.60751482550527,-122.3379600261628,Smith Tower,47.60184879738976,-122.33185426362004,transit,499,1067
Seattle Art Museum,47.60751482550527,-122.3379600261628,Seattle Japanese Garden,47.62898814360236,-122.29629747947963,driving,677,7859
Seattle Art Museum,47.60751482550527,-122.3379600261628,Seattle Japanese Garden,47.62898814360236,-122.29629747947963,walking,4282,4818
Seattle Art Museum,47.60751482550527,-122.3379600261628,Seattle Japanese Garden,47.62898814360236,-122.29629747947963,bicycling,1676,5122
Seattle Art Museum,47.60751482550527,-122.3379600261628,Seattle Japanese Garden,47.62898814360236,-122.29629747947963,transit,1666,4805
Seattle Art Museum,47.60751482550527,-122.3379600261628,Volunteer Park,47.63103246682187,-122.31632974461816,driving,656,5563
Seattle Art Museum,47.60751482550527,-122.3379600261628,Volunteer Park,47.63103246682187,-122.31632974461816,walking,3586,3831
Seattle Art Museum,47.60751482550527,-122.3379600261628,Volunteer Park,47.63103246682187,-122.31632974461816,bicycling,1419,4149
Seattle Art Museum,47.60751482550527,-122.3379600261628,Volunteer Park,47.63103246682187,-122.31632974461816,transit,1919,4248
Seattle Art Museum,47.60751482550527,-122.3379600261628,Sky View Observatory - Columbia Center,47.604361063516045,-122.33101084091535,driving,189,850
Seattle Art Museum,47.60751482550527,-122.3379600261628,Sky View Observatory - Columbia Center,47.604361063516045,-122.33101084091535,walking,716,771
Seattle Art Museum,47.60751482550527,-122.3379600261628,Sky View Observatory - Columbia Center,47.604361063516045,-122.33101084091535,bicycling,381,836
Seattle Art Museum,47.60751482550527,-122.3379600261628,Sky View Observatory - Columbia Center,47.604361063516045,-122.33101084091535,transit,563,862
Seattle Art Museum,47.60751482550527,-122.3379600261628,Seward Park,47.549601386258544,-122.25736531434887,driving,1183,11423
Seattle Art Museum,47.60751482550527,-122.3379600261628,Seward Park,47.549601386258544,-122.25736531434887,walking,8747,10376
Seattle Art Museum,47.60751482550527,-122.3379600261628,Seward Park,47.549601386258544,-122.25736531434887,bicycling,2615,11526
Seattle Art Museum,47.60751482550527,-122.3379600261628,Seward Park,47.549601386258544,-122.25736531434887,transit,2316,13484
Seattle Art Museum,47.60751482550527,-122.3379600261628,Lake Union Park,47.62709090421509,-122.33713195940298,driving,458,3215
Seattle Art Museum,47.60751482550527,-122.3379600261628,Lake Union Park,47.62709090421509,-122.33713195940298,walking,1997,2384
Seattle Art Museum,47.60751482550527,-122.3379600261628,Lake Union Park,47.62709090421509,-122.33713195940298,bicycling,834,2777
Seattle Art Museum,47.60751482550527,-122.3379600261628,Lake Union Park,47.62709090421509,-122.33713195940298,transit,1166,2624
Seattle Art Museum,47.60751482550527,-122.3379600261628,Wing Luke Museum,47.59821381284711,-122.32292099585958,driving,370,1711
Seattle Art Museum,47.60751482550527,-122.3379600261628,Wing Luke Museum,47.59821381284711,-122.32292099585958,walking,1507,1711
Seattle Art Museum,47.60751482550527,-122.3379600261628,Wing Luke Museum,47.59821381284711,-122.32292099585958,bicycling,620,1698
Seattle Art Museum,47.60751482550527,-122.3379600261628,Wing Luke Museum,47.59821381284711,-122.32292099585958,transit,998,2104
Seattle Art Museum,47.60751482550527,-122.3379600261628,Pier 55,47.60473848834246,-122.33971581996045,driving,204,745
Seattle Art Museum,47.60751482550527,-122.3379600261628,Pier 55,47.60473848834246,-122.33971581996045,walking,426,467
Seattle Art Museum,47.60751482550527,-122.3379600261628,Pier 55,47.60473848834246,-122.33971581996045,bicycling,207,657
Seattle Art Museum,47.60751482550527,-122.3379600261628,Pier 55,47.60473848834246,-122.33971581996045,transit,426,467
Seattle Art Museum,47.60751482550527,-122.3379600261628,Kubota Garden,47.513456104891816,-122.26587346070158,driving,956,15315
Seattle Art Museum,47.60751482550527,-122.3379600261628,Kubota Garden,47.513456104891816,-122.26587346070158,walking,11013,12968
Seattle Art Museum,47.60751482550527,-122.3379600261628,Kubota Garden,47.513456104891816,-122.26587346070158,bicycling,3148,13322
Seattle Art Museum,47.60751482550527,-122.3379600261628,Kubota Garden,47.513456104891816,-122.26587346070158,transit,2537,14670
Seattle Art Museum,47.60751482550527,-122.3379600261628,Green Lake Park,47.68018985332069,-122.32842851303496,driving,795,9047
Seattle Art Museum,47.60751482550527,-122.3379600261628,Green Lake Park,47.68018985332069,-122.32842851303496,walking,7784,9114
Seattle Art Museum,47.60751482550527,-122.3379600261628,Green Lake Park,47.68018985332069,-122.32842851303496,bicycling,2450,9758
Seattle Art Museum,47.60751482550527,-122.3379600261628,Green Lake Park,47.68018985332069,-122.32842851303496,transit,1999,10812
Seattle Art Museum,47.60751482550527,-122.3379600261628,Seattle Chinese Garden,47.55176640036533,-122.3524959672396,driving,1005,11323
Seattle Art Museum,47.60751482550527,-122.3379600261628,Seattle Chinese Garden,47.55176640036533,-122.3524959672396,walking,7315,8595
Seattle Art Museum,47.60751482550527,-122.3379600261628,Seattle Chinese Garden,47.55176640036533,-122.3524959672396,bicycling,2121,8366
Seattle Art Museum,47.60751482550527,-122.3379600261628,Seattle Chinese Garden,47.55176640036533,-122.3524959672396,transit,1856,8946
Seattle Art Museum,47.60751482550527,-122.3379600261628,Henry Art Gallery,47.656270488379,-122.31172287699964,driving,767,7670
Seattle Art Museum,47.60751482550527,-122.3379600261628,Henry Art Gallery,47.656270488379,-122.31172287699964,walking,5620,6604
Seattle Art Museum,47.60751482550527,-122.3379600261628,Henry Art Gallery,47.656270488379,-122.31172287699964,bicycling,1764,7008
Seattle Art Museum,47.60751482550527,-122.3379600261628,Henry Art Gallery,47.656270488379,-122.31172287699964,transit,1453,8473
Seattle Art Museum,47.60751482550527,-122.3379600261628,Waterfall Garden,47.60022525656089,-122.3320582726244,driving,219,1012
Seattle Art Museum,47.60751482550527,-122.3379600261628,Waterfall Garden,47.60022525656089,-122.3320582726244,walking,801,966
Seattle Art Museum,47.60751482550527,-122.3379600261628,Waterfall Garden,47.60022525656089,-122.3320582726244,bicycling,329,999
Seattle Art Museum,47.60751482550527,-122.3379600261628,Waterfall Garden,47.60022525656089,-122.3320582726244,transit,472,1036
Seattle Art Museum,47.60751482550527,-122.3379600261628,Volunteer Park Conservatory,47.63210767740743,-122.31574605223666,driving,619,5505
Seattle Art Museum,47.60751482550527,-122.3379600261628,Volunteer Park Conservatory,47.63210767740743,-122.31574605223666,walking,3573,3817
Seattle Art Museum,47.60751482550527,-122.3379600261628,Volunteer Park Conservatory,47.63210767740743,-122.31574605223666,bicycling,1435,4259
Seattle Art Museum,47.60751482550527,-122.3379600261628,Volunteer Park Conservatory,47.63210767740743,-122.31574605223666,transit,1862,4181
Seattle Art Museum,47.60751482550527,-122.3379600261628,Tilikum Place,47.6183349210154,-122.34747709142152,driving,365,1787
Seattle Art Museum,47.60751482550527,-122.3379600261628,Tilikum Place,47.6183349210154,-122.34747709142152,walking,1395,1620
Seattle Art Museum,47.60751482550527,-122.3379600261628,Tilikum Place,47.6183349210154,-122.34747709142152,bicycling,531,1665
Seattle Art Museum,47.60751482550527,-122.3379600261628,Tilikum Place,47.6183349210154,-122.34747709142152,transit,852,1643
Seattle Art Museum,47.60751482550527,-122.3379600261628,Historic Chinatown Gate,47.598437167923336,-122.3273775033157,driving,300,1373
Seattle Art Museum,47.60751482550527,-122.3379600261628,Historic Chinatown Gate,47.598437167923336,-122.3273775033157,walking,1184,1377
Seattle Art Museum,47.60751482550527,-122.3379600261628,Historic Chinatown Gate,47.598437167923336,-122.3273775033157,bicycling,504,1359
Seattle Art Museum,47.60751482550527,-122.3379600261628,Historic Chinatown Gate,47.598437167923336,-122.3273775033157,transit,451,1571
Seattle Art Museum,47.60751482550527,-122.3379600261628,Seattle Public Library - Central Library,47.60665261297587,-122.33218316372472,driving,201,605
Seattle Art Museum,47.60751482550527,-122.3379600261628,Seattle Public Library - Central Library,47.60665261297587,-122.33218316372472,walking,611,603
Seattle Art Museum,47.60751482550527,-122.3379600261628,Seattle Public Library - Central Library,47.60665261297587,-122.33218316372472,bicycling,330,592
Seattle Art Museum,47.60751482550527,-122.3379600261628,Seattle Public Library - Central Library,47.60665261297587,-122.33218316372472,transit,611,603
Seattle Art Museum,47.60751482550527,-122.3379600261628,Frye Art Museum,47.60719047693422,-122.32415454092984,driving,405,1588
Seattle Art Museum,47.60751482550527,-122.3379600261628,Frye Art Museum,47.60719047693422,-122.32415454092984,walking,1436,1400
Seattle Art Museum,47.60751482550527,-122.3379600261628,Frye Art Museum,47.60719047693422,-122.32415454092984,bicycling,674,1386
Seattle Art Museum,47.60751482550527,-122.3379600261628,Frye Art Museum,47.60719047693422,-122.32415454092984,transit,1200,2080
Seattle Art Museum,47.60751482550527,-122.3379600261628,Westlake Park,47.61094900589339,-122.33702063223052,driving,150,593
Seattle Art Museum,47.60751482550527,-122.3379600261628,Westlake Park,47.61094900589339,-122.33702063223052,walking,448,485
Seattle Art Museum,47.60751482550527,-122.3379600261628,Westlake Park,47.61094900589339,-122.33702063223052,bicycling,300,601
Seattle Art Museum,47.60751482550527,-122.3379600261628,Westlake Park,47.61094900589339,-122.33702063223052,transit,448,485
Seattle Art Museum,47.60751482550527,-122.3379600261628,Freeway Park,47.60930101629172,-122.33090455552056,driving,266,862
Seattle Art Museum,47.60751482550527,-122.3379600261628,Freeway Park,47.60930101629172,-122.33090455552056,walking,690,619
Seattle Art Museum,47.60751482550527,-122.3379600261628,Freeway Park,47.60930101629172,-122.33090455552056,bicycling,471,1204
Seattle Art Museum,47.60751482550527,-122.3379600261628,Freeway Park,47.60930101629172,-122.33090455552056,transit,690,619
Seattle Art Museum,47.60751482550527,-122.3379600261628,Occidental Square,47.60049434209228,-122.33322845827756,driving,227,1013
Seattle Art Museum,47.60751482550527,-122.3379600261628,Occidental Square,47.60049434209228,-122.33322845827756,walking,798,966
Seattle Art Museum,47.60751482550527,-122.3379600261628,Occidental Square,47.60049434209228,-122.33322845827756,bicycling,341,1066
Seattle Art Museum,47.60751482550527,-122.3379600261628,Occidental Square,47.60049434209228,-122.33322845827756,transit,526,1097
Seattle Art Museum,47.60751482550527,-122.3379600261628,Myrtle Edwards Park,47.61942317383828,-122.3618115688748,driving,592,3045
Seattle Art Museum,47.60751482550527,-122.3379600261628,Myrtle Edwards Park,47.61942317383828,-122.3618115688748,walking,2051,2511
Seattle Art Museum,47.60751482550527,-122.3379600261628,Myrtle Edwards Park,47.61942317383828,-122.3618115688748,bicycling,883,2725
Seattle Art Museum,47.60751482550527,-122.3379600261628,Myrtle Edwards Park,47.61942317383828,-122.3618115688748,transit,1364,3071
Seattle Art Museum,47.60751482550527,-122.3379600261628,International Fountain,47.62250232314546,-122.35208589820942,driving,587,2935
Seattle Art Museum,47.60751482550527,-122.3379600261628,International Fountain,47.62250232314546,-122.35208589820942,walking,1879,2214
Seattle Art Museum,47.60751482550527,-122.3379600261628,International Fountain,47.62250232314546,-122.35208589820942,bicycling,887,2969
Seattle Art Museum,47.60751482550527,-122.3379600261628,International Fountain,47.62250232314546,-122.35208589820942,transit,994,2423
Seattle Art Museum,47.60751482550527,-122.3379600261628,Hamilton Viewpoint Park,47.59327621149741,-122.38603073234243,driving,892,11837
Seattle Art Museum,47.60751482550527,-122.3379600261628,Hamilton Viewpoint Park,47.59327621149741,-122.38603073234243,walking,2956,6017
Seattle Art Museum,47.60751482550527,-122.3379600261628,Hamilton Viewpoint Park,47.59327621149741,-122.38603073234243,bicycling,2265,9636
Seattle Art Museum,47.60751482550527,-122.3379600261628,Hamilton Viewpoint Park,47.59327621149741,-122.38603073234243,transit,2620,10312
Seattle Art Museum,47.60751482550527,-122.3379600261628,World Famous Giant Shoe Museum,47.608625219403336,-122.34074178200235,driving,176,634
Seattle Art Museum,47.60751482550527,-122.3379600261628,World Famous Giant Shoe Museum,47.608625219403336,-122.34074178200235,walking,329,359
Seattle Art Museum,47.60751482550527,-122.3379600261628,World Famous Giant Shoe Museum,47.608625219403336,-122.34074178200235,bicycling,206,265
Seattle Art Museum,47.60751482550527,-122.3379600261628,World Famous Giant Shoe Museum,47.608625219403336,-122.34074178200235,transit,329,359
Seattle Art Museum,47.60751482550527,-122.3379600261628,Coast Guard Museum Northwest,47.59064186173149,-122.33792018189624,driving,612,2935
Seattle Art Museum,47.60751482550527,-122.3379600261628,Coast Guard Museum Northwest,47.59064186173149,-122.33792018189624,walking,2386,2913
Seattle Art Museum,47.60751482550527,-122.3379600261628,Coast Guard Museum Northwest,47.59064186173149,-122.33792018189624,bicycling,672,2822
Seattle Art Museum,47.60751482550527,-122.3379600261628,Coast Guard Museum Northwest,47.59064186173149,-122.33792018189624,transit,1930,3372
Seattle Art Museum,47.60751482550527,-122.3379600261628,Museum of Illusions - Seattle,47.60962649476756,-122.33443924804578,driving,216,664
Seattle Art Museum,47.60751482550527,-122.3379600261628,Museum of Illusions - Seattle,47.60962649476756,-122.33443924804578,walking,381,382
Seattle Art Museum,47.60751482550527,-122.3379600261628,Museum of Illusions - Seattle,47.60962649476756,-122.33443924804578,bicycling,290,690
Seattle Art Museum,47.60751482550527,-122.3379600261628,Museum of Illusions - Seattle,47.60962649476756,-122.33443924804578,transit,381,382
Seattle Art Museum,47.60751482550527,-122.3379600261628,Jimi Hendrix Statue,47.61550301473619,-122.32071505564883,driving,540,1970
Seattle Art Museum,47.60751482550527,-122.3379600261628,Jimi Hendrix Statue,47.61550301473619,-122.32071505564883,walking,1827,1867
Seattle Art Museum,47.60751482550527,-122.3379600261628,Jimi Hendrix Statue,47.61550301473619,-122.32071505564883,bicycling,812,1913
Seattle Art Museum,47.60751482550527,-122.3379600261628,Jimi Hendrix Statue,47.61550301473619,-122.32071505564883,transit,930,1875
Seattle Art Museum,47.60751482550527,-122.3379600261628,Seattle Pinball Museum,47.598062914430656,-122.32478776955406,driving,348,1583
Seattle Art Museum,47.60751482550527,-122.3379600261628,Seattle Pinball Museum,47.598062914430656,-122.32478776955406,walking,1377,1583
Seattle Art Museum,47.60751482550527,-122.3379600261628,Seattle Pinball Museum,47.598062914430656,-122.32478776955406,bicycling,563,1569
Seattle Art Museum,47.60751482550527,-122.3379600261628,Seattle Pinball Museum,47.598062914430656,-122.32478776955406,transit,640,1777
Seattle Art Museum,47.60751482550527,-122.3379600261628,Black Sun by Isamu Noguchi,47.62993554368945,-122.31519058877883,driving,669,5998
Seattle Art Museum,47.60751482550527,-122.3379600261628,Black Sun by Isamu Noguchi,47.62993554368945,-122.31519058877883,walking,3461,3674
Seattle Art Museum,47.60751482550527,-122.3379600261628,Black Sun by Isamu Noguchi,47.62993554368945,-122.31519058877883,bicycling,1392,3979
Seattle Art Museum,47.60751482550527,-122.3379600261628,Black Sun by Isamu Noguchi,47.62993554368945,-122.31519058877883,transit,1876,3915
Seattle Art Museum,47.60751482550527,-122.3379600261628,Woodland Park Rose Garden,47.66576035818477,-122.34934114465352,driving,803,9126
Seattle Art Museum,47.60751482550527,-122.3379600261628,Woodland Park Rose Garden,47.66576035818477,-122.34934114465352,walking,6167,7018
Seattle Art Museum,47.60751482550527,-122.3379600261628,Woodland Park Rose Garden,47.66576035818477,-122.34934114465352,bicycling,2214,7157
Seattle Art Museum,47.60751482550527,-122.3379600261628,Woodland Park Rose Garden,47.66576035818477,-122.34934114465352,transit,1828,7224
Seattle Art Museum,47.60751482550527,-122.3379600261628,Centennial Park,47.62260778444544,-122.36641595527288,driving,609,3298
Seattle Art Museum,47.60751482550527,-122.3379600261628,Centennial Park,47.62260778444544,-122.36641595527288,walking,2454,3005
Seattle Art Museum,47.60751482550527,-122.3379600261628,Centennial Park,47.62260778444544,-122.36641595527288,bicycling,875,3182
Seattle Art Museum,47.60751482550527,-122.3379600261628,Centennial Park,47.62260778444544,-122.36641595527288,transit,1774,3571
Seattle Art Museum,47.60751482550527,-122.3379600261628,Klondike Gold Rush National Historical Park,47.599293724497805,-122.33177757029932,driving,250,1090
Seattle Art Museum,47.60751482550527,-122.3379600261628,Klondike Gold Rush National Historical Park,47.599293724497805,-122.33177757029932,walking,884,1067
Seattle Art Museum,47.60751482550527,-122.3379600261628,Klondike Gold Rush National Historical Park,47.599293724497805,-122.33177757029932,bicycling,383,1197
Seattle Art Museum,47.60751482550527,-122.3379600261628,Klondike Gold Rush National Historical Park,47.599293724497805,-122.33177757029932,transit,512,1084
Seattle Art Museum,47.60751482550527,-122.3379600261628,Pacific Science Center,47.620036161933285,-122.35156843607751,driving,457,2285
Seattle Art Museum,47.60751482550527,-122.3379600261628,Pacific Science Center,47.620036161933285,-122.35156843607751,walking,1691,1952
Seattle Art Museum,47.60751482550527,-122.3379600261628,Pacific Science Center,47.620036161933285,-122.35156843607751,bicycling,803,2618
Seattle Art Museum,47.60751482550527,-122.3379600261628,Pacific Science Center,47.620036161933285,-122.35156843607751,transit,993,2193
Seattle Art Museum,47.60751482550527,-122.3379600261628,Museum of History & Industry (MOHAI),47.62757702542345,-122.33690614596016,driving,453,3192
Seattle Art Museum,47.60751482550527,-122.3379600261628,Museum of History & Industry (MOHAI),47.62757702542345,-122.33690614596016,walking,2045,2446
Seattle Art Museum,47.60751482550527,-122.3379600261628,Museum of History & Industry (MOHAI),47.62757702542345,-122.33690614596016,bicycling,843,2843
Seattle Art Museum,47.60751482550527,-122.3379600261628,Museum of History & Industry (MOHAI),47.62757702542345,-122.33690614596016,transit,1213,2686
Seattle Art Museum,47.60751482550527,-122.3379600261628,Beneath the Streets,47.60284106968942,-122.334098198818,driving,176,740
Seattle Art Museum,47.60751482550527,-122.3379600261628,Beneath the Streets,47.60284106968942,-122.334098198818,walking,550,681
Seattle Art Museum,47.60751482550527,-122.3379600261628,Beneath the Streets,47.60284106968942,-122.334098198818,bicycling,211,628
Seattle Art Museum,47.60751482550527,-122.3379600261628,Beneath the Streets,47.60284106968942,-122.334098198818,transit,310,683
Seattle Art Museum,47.60751482550527,-122.3379600261628,National Nordic Museum,47.66841217081013,-122.39252014983086,driving,1195,9596
Seattle Art Museum,47.60751482550527,-122.3379600261628,National Nordic Museum,47.66841217081013,-122.39252014983086,walking,7678,9163
Seattle Art Museum,47.60751482550527,-122.3379600261628,National Nordic Museum,47.66841217081013,-122.39252014983086,bicycling,2204,9452
Seattle Art Museum,47.60751482550527,-122.3379600261628,National Nordic Museum,47.66841217081013,-122.39252014983086,transit,1954,9371
Seattle Art Museum,47.60751482550527,-122.3379600261628,Original Selfie Museum | Seattle,47.60778846750169,-122.33979304776204,driving,196,734
Seattle Art Museum,47.60751482550527,-122.3379600261628,Original Selfie Museum | Seattle,47.60778846750169,-122.33979304776204,walking,321,355
Seattle Art Museum,47.60751482550527,-122.3379600261628,Original Selfie Museum | Seattle,47.60778846750169,-122.33979304776204,bicycling,163,347
Seattle Art Museum,47.60751482550527,-122.3379600261628,Original Selfie Museum | Seattle,47.60778846750169,-122.33979304776204,transit,321,355
Seattle Art Museum,47.60751482550527,-122.3379600261628,Magnolia Park,47.634493480202096,-122.39806147729809,driving,915,6927
Seattle Art Museum,47.60751482550527,-122.3379600261628,Magnolia Park,47.634493480202096,-122.39806147729809,walking,5053,6006
Seattle Art Museum,47.60751482550527,-122.3379600261628,Magnolia Park,47.634493480202096,-122.39806147729809,bicycling,2149,8443
Seattle Art Museum,47.60751482550527,-122.3379600261628,Magnolia Park,47.634493480202096,-122.39806147729809,transit,1790,6754
Seattle Art Museum,47.60751482550527,-122.3379600261628,Washington Park Arboretum,47.63640770272295,-122.2958249287132,driving,594,6979
Seattle Art Museum,47.60751482550527,-122.3379600261628,Washington Park Arboretum,47.63640770272295,-122.2958249287132,walking,5040,5709
Seattle Art Museum,47.60751482550527,-122.3379600261628,Washington Park Arboretum,47.63640770272295,-122.2958249287132,bicycling,1920,6272
Seattle Art Museum,47.60751482550527,-122.3379600261628,Washington Park Arboretum,47.63640770272295,-122.2958249287132,transit,2475,8525
Seattle Art Museum,47.60751482550527,-122.3379600261628,Alki Beach Park,47.58018301977956,-122.40849487681072,driving,1012,12798
Seattle Art Museum,47.60751482550527,-122.3379600261628,Alki Beach Park,47.58018301977956,-122.40849487681072,walking,4171,7808
Seattle Art Museum,47.60751482550527,-122.3379600261628,Alki Beach Park,47.58018301977956,-122.40849487681072,bicycling,2488,12163
Seattle Art Museum,47.60751482550527,-122.3379600261628,Alki Beach Park,47.58018301977956,-122.40849487681072,transit,3077,14616
Seattle Art Museum,47.60751482550527,-122.3379600261628,Gas Works Park,47.64562277252068,-122.33436095731012,driving,791,8803
Seattle Art Museum,47.60751482550527,-122.3379600261628,Gas Works Park,47.64562277252068,-122.33436095731012,walking,5297,6361
Seattle Art Museum,47.60751482550527,-122.3379600261628,Gas Works Park,47.64562277252068,-122.33436095731012,bicycling,1599,6618
Seattle Art Museum,47.60751482550527,-122.3379600261628,Gas Works Park,47.64562277252068,-122.33436095731012,transit,2478,6871
Seattle Art Museum,47.60751482550527,-122.3379600261628,Broadmoor Golf Club,47.64031319564501,-122.2915176257205,driving,673,7063
Seattle Art Museum,47.60751482550527,-122.3379600261628,Broadmoor Golf Club,47.64031319564501,-122.2915176257205,walking,5614,6388
Seattle Art Museum,47.60751482550527,-122.3379600261628,Broadmoor Golf Club,47.64031319564501,-122.2915176257205,bicycling,2158,8420
Seattle Art Museum,47.60751482550527,-122.3379600261628,Broadmoor Golf Club,47.64031319564501,-122.2915176257205,transit,2520,8582
Seattle Art Museum,47.60751482550527,-122.3379600261628,Luther Burbank Park,47.591172896963286,-122.2256759261922,driving,842,10648
Seattle Art Museum,47.60751482550527,-122.3379600261628,Luther Burbank Park,47.591172896963286,-122.2256759261922,walking,8563,10187
Seattle Art Museum,47.60751482550527,-122.3379600261628,Luther Burbank Park,47.591172896963286,-122.2256759261922,bicycling,2754,10869
Seattle Art Museum,47.60751482550527,-122.3379600261628,Luther Burbank Park,47.591172896963286,-122.2256759261922,transit,1697,11024
Seattle Art Museum,47.60751482550527,-122.3379600261628,Mercerdale Park,47.58102302782471,-122.23493686187616,driving,696,10490
Seattle Art Museum,47.60751482550527,-122.3379600261628,Mercerdale Park,47.58102302782471,-122.23493686187616,walking,8382,9990
Seattle Art Museum,47.60751482550527,-122.3379600261628,Mercerdale Park,47.58102302782471,-122.23493686187616,bicycling,2660,10462
Seattle Art Museum,47.60751482550527,-122.3379600261628,Mercerdale Park,47.58102302782471,-122.23493686187616,transit,1885,11242
Seattle Art Museum,47.60751482550527,-122.3379600261628,Aubrey Davis Park,47.592027989640826,-122.2445184023096,driving,633,8616
Seattle Art Museum,47.60751482550527,-122.3379600261628,Aubrey Davis Park,47.592027989640826,-122.2445184023096,walking,7059,8344
Seattle Art Museum,47.60751482550527,-122.3379600261628,Aubrey Davis Park,47.592027989640826,-122.2445184023096,bicycling,2255,8628
Seattle Art Museum,47.60751482550527,-122.3379600261628,Aubrey Davis Park,47.592027989640826,-122.2445184023096,transit,1769,9951
Seattle Art Museum,47.60751482550527,-122.3379600261628,Island Crest Park,47.55038815689837,-122.2236282752108,driving,911,13981
Seattle Art Museum,47.60751482550527,-122.3379600261628,Island Crest Park,47.55038815689837,-122.2236282752108,walking,11487,13498
Seattle Art Museum,47.60751482550527,-122.3379600261628,Island Crest Park,47.55038815689837,-122.2236282752108,bicycling,3831,14803
Seattle Art Museum,47.60751482550527,-122.3379600261628,Island Crest Park,47.55038815689837,-122.2236282752108,transit,2569,15227
Seattle Art Museum,47.60751482550527,-122.3379600261628,Bellevue Botanical Garden,47.60914545234495,-122.17883301309044,driving,1130,18830
Seattle Art Museum,47.60751482550527,-122.3379600261628,Bellevue Botanical Garden,47.60914545234495,-122.17883301309044,walking,14647,17252
Seattle Art Museum,47.60751482550527,-122.3379600261628,Bellevue Botanical Garden,47.60914545234495,-122.17883301309044,bicycling,4798,18908
Seattle Art Museum,47.60751482550527,-122.3379600261628,Bellevue Botanical Garden,47.60914545234495,-122.17883301309044,transit,3571,19526
Seattle Art Museum,47.60751482550527,-122.3379600261628,Chism Beach Park,47.59991928985571,-122.21078492396391,driving,1049,16479
Seattle Art Museum,47.60751482550527,-122.3379600261628,Chism Beach Park,47.59991928985571,-122.21078492396391,walking,13150,15642
Seattle Art Museum,47.60751482550527,-122.3379600261628,Chism Beach Park,47.59991928985571,-122.21078492396391,bicycling,4028,15939
Seattle Art Museum,47.60751482550527,-122.3379600261628,Chism Beach Park,47.59991928985571,-122.21078492396391,transit,2658,17361
Seattle Art Museum,47.60751482550527,-122.3379600261628,Bellevue Square,47.61571653775732,-122.203733607983,driving,1018,15221
Seattle Art Museum,47.60751482550527,-122.3379600261628,Bellevue Square,47.61571653775732,-122.203733607983,walking,13425,15838
Seattle Art Museum,47.60751482550527,-122.3379600261628,Bellevue Square,47.61571653775732,-122.203733607983,bicycling,4840,20812
Seattle Art Museum,47.60751482550527,-122.3379600261628,Bellevue Square,47.61571653775732,-122.203733607983,transit,2338,18515
Seattle Art Museum,47.60751482550527,-122.3379600261628,KidsQuest Children's Museum,47.62082747299095,-122.19594728787486,driving,964,16539
Seattle Art Museum,47.60751482550527,-122.3379600261628,KidsQuest Children's Museum,47.62082747299095,-122.19594728787486,walking,13833,16132
Seattle Art Museum,47.60751482550527,-122.3379600261628,KidsQuest Children's Museum,47.62082747299095,-122.19594728787486,bicycling,4657,19856
Seattle Art Museum,47.60751482550527,-122.3379600261628,KidsQuest Children's Museum,47.62082747299095,-122.19594728787486,transit,2531,19901
Seattle Art Museum,47.60751482550527,-122.3379600261628,Newcastle Beach Park,47.56581084639867,-122.19010728686808,driving,1069,18129
Seattle Art Museum,47.60751482550527,-122.3379600261628,Newcastle Beach Park,47.56581084639867,-122.19010728686808,walking,13890,16672
Seattle Art Museum,47.60751482550527,-122.3379600261628,Newcastle Beach Park,47.56581084639867,-122.19010728686808,bicycling,4106,16957
Seattle Art Museum,47.60751482550527,-122.3379600261628,Newcastle Beach Park,47.56581084639867,-122.19010728686808,transit,2792,18800
Seattle Art Museum,47.60751482550527,-122.3379600261628,Vasa Park Resort,47.57727261132693,-122.11251309565677,driving,1112,19208
Seattle Art Museum,47.60751482550527,-122.3379600261628,Vasa Park Resort,47.57727261132693,-122.11251309565677,walking,17617,20911
Seattle Art Museum,47.60751482550527,-122.3379600261628,Vasa Park Resort,47.57727261132693,-122.11251309565677,bicycling,5175,20535
Seattle Art Museum,47.60751482550527,-122.3379600261628,Vasa Park Resort,47.57727261132693,-122.11251309565677,transit,4142,27465
Seattle Art Museum,47.60751482550527,-122.3379600261628,Coal Creek Natural Area,47.55406110739545,-122.16637792110414,driving,1216,20612
Seattle Art Museum,47.60751482550527,-122.3379600261628,Coal Creek Natural Area,47.55406110739545,-122.16637792110414,walking,15334,18223
Seattle Art Museum,47.60751482550527,-122.3379600261628,Coal Creek Natural Area,47.55406110739545,-122.16637792110414,bicycling,4686,18739
Seattle Art Museum,47.60751482550527,-122.3379600261628,Coal Creek Natural Area,47.55406110739545,-122.16637792110414,transit,3507,21647
Seattle Art Museum,47.60751482550527,-122.3379600261628,Lumen Field,47.595050883007005,-122.3316718890206,driving,382,1662
Seattle Art Museum,47.60751482550527,-122.3379600261628,Lumen Field,47.595050883007005,-122.3316718890206,walking,1348,1644
Seattle Art Museum,47.60751482550527,-122.3379600261628,Lumen Field,47.595050883007005,-122.3316718890206,bicycling,469,1727
Seattle Art Museum,47.60751482550527,-122.3379600261628,Lumen Field,47.595050883007005,-122.3316718890206,transit,1029,2296
Seattle Art Museum,47.60751482550527,-122.3379600261628,T-Mobile Park,47.59146256859391,-122.3326463029684,driving,433,1969
Seattle Art Museum,47.60751482550527,-122.3379600261628,T-Mobile Park,47.59146256859391,-122.3326463029684,walking,1574,1908
Seattle Art Museum,47.60751482550527,-122.3379600261628,T-Mobile Park,47.59146256859391,-122.3326463029684,bicycling,547,1990
Seattle Art Museum,47.60751482550527,-122.3379600261628,T-Mobile Park,47.59146256859391,-122.3326463029684,transit,1133,3002
Seattle Art Museum,47.60751482550527,-122.3379600261628,Seattle–Tacoma International Airport,47.448302886749694,-122.3086333658404,driving,1112,22365
Seattle Art Museum,47.60751482550527,-122.3379600261628,Seattle–Tacoma International Airport,47.448302886749694,-122.3086333658404,walking,17220,20379
Seattle Art Museum,47.60751482550527,-122.3379600261628,Seattle–Tacoma International Airport,47.448302886749694,-122.3086333658404,bicycling,4989,22801
Seattle Art Museum,47.60751482550527,-122.3379600261628,Seattle–Tacoma International Airport,47.448302886749694,-122.3086333658404,transit,3518,24067
Seattle Art Museum,47.60751482550527,-122.3379600261628,"The Museum of Flight",47.51852230711216,-122.2968545863842,driving,864,14788
Seattle Art Museum,47.60751482550527,-122.3379600261628,"The Museum of Flight",47.51852230711216,-122.2968545863842,walking,9352,11325
Seattle Art Museum,47.60751482550527,-122.3379600261628,"The Museum of Flight",47.51852230711216,-122.2968545863842,bicycling,3198,15864
Seattle Art Museum,47.60751482550527,-122.3379600261628,"The Museum of Flight",47.51852230711216,-122.2968545863842,transit,2455,12477
Seattle Art Museum,47.60751482550527,-122.3379600261628,Burke Museum of Natural History and Culture,47.66041766926138,-122.31155621097038,driving,673,7208
Seattle Art Museum,47.60751482550527,-122.3379600261628,Burke Museum of Natural History and Culture,47.66041766926138,-122.31155621097038,walking,5949,6940
Seattle Art Museum,47.60751482550527,-122.3379600261628,Burke Museum of Natural History and Culture,47.66041766926138,-122.31155621097038,bicycling,1828,7415
Seattle Art Museum,47.60751482550527,-122.3379600261628,Burke Museum of Natural History and Culture,47.66041766926138,-122.31155621097038,transit,1167,8096
Seattle Art Museum,47.60751482550527,-122.3379600261628,Spooked In Seattle Ghost Tours,47.60154512603708,-122.33344299096176,driving,207,849
Seattle Art Museum,47.60751482550527,-122.3379600261628,Spooked In Seattle Ghost Tours,47.60154512603708,-122.33344299096176,walking,703,849
Seattle Art Museum,47.60751482550527,-122.3379600261628,Spooked In Seattle Ghost Tours,47.60154512603708,-122.33344299096176,bicycling,329,1010
Seattle Art Museum,47.60751482550527,-122.3379600261628,Spooked In Seattle Ghost Tours,47.60154512603708,-122.33344299096176,transit,493,1064
Seattle Art Museum,47.60751482550527,-122.3379600261628,Embassy Suites by Hilton Seattle Downtown Pioneer Square,47.598077316587656,-122.3309348422028,driving,294,1226
Seattle Art Museum,47.60751482550527,-122.3379600261628,Embassy Suites by Hilton Seattle Downtown Pioneer Square,47.598077316587656,-122.3309348422028,walking,1017,1226
Seattle Art Museum,47.60751482550527,-122.3379600261628,Embassy Suites by Hilton Seattle Downtown Pioneer Square,47.598077316587656,-122.3309348422028,bicycling,423,1333
Seattle Art Museum,47.60751482550527,-122.3379600261628,Embassy Suites by Hilton Seattle Downtown Pioneer Square,47.598077316587656,-122.3309348422028,transit,646,1243
Seattle Art Museum,47.60751482550527,-122.3379600261628,Best Western Plus Pioneer Square Hotel Downtown,47.60155451105155,-122.33530747715788,driving,223,937
Seattle Art Museum,47.60751482550527,-122.3379600261628,Best Western Plus Pioneer Square Hotel Downtown,47.60155451105155,-122.33530747715788,walking,713,879
Seattle Art Museum,47.60751482550527,-122.3379600261628,Best Western Plus Pioneer Square Hotel Downtown,47.60155451105155,-122.33530747715788,bicycling,320,1016
Seattle Art Museum,47.60751482550527,-122.3379600261628,Best Western Plus Pioneer Square Hotel Downtown,47.60155451105155,-122.33530747715788,transit,495,884
Seattle Art Museum,47.60751482550527,-122.3379600261628,Sonder RailSpur Apartments Pioneer Square,47.598610725936354,-122.33350489820695,driving,295,1202
Seattle Art Museum,47.60751482550527,-122.3379600261628,Sonder RailSpur Apartments Pioneer Square,47.598610725936354,-122.33350489820695,walking,993,1191
Seattle Art Museum,47.60751482550527,-122.3379600261628,Sonder RailSpur Apartments Pioneer Square,47.598610725936354,-122.33350489820695,bicycling,414,1347
Seattle Art Museum,47.60751482550527,-122.3379600261628,Sonder RailSpur Apartments Pioneer Square,47.598610725936354,-122.33350489820695,transit,696,1303
Seattle Art Museum,47.60751482550527,-122.3379600261628,Silver Cloud Hotel - Seattle Stadium,47.592565806580176,-122.33370726727544,driving,410,1887
Seattle Art Museum,47.60751482550527,-122.3379600261628,Silver Cloud Hotel - Seattle Stadium,47.592565806580176,-122.33370726727544,walking,1552,1897
Seattle Art Museum,47.60751482550527,-122.3379600261628,Silver Cloud Hotel - Seattle Stadium,47.592565806580176,-122.33370726727544,bicycling,536,1974
Seattle Art Museum,47.60751482550527,-122.3379600261628,Silver Cloud Hotel - Seattle Stadium,47.592565806580176,-122.33370726727544,transit,1207,3084
Seattle Art Museum,47.60751482550527,-122.3379600261628,Silver Cloud Hotel - Seattle Lake Union,47.62969938553836,-122.32905153898623,driving,483,3469
Seattle Art Museum,47.60751482550527,-122.3379600261628,Silver Cloud Hotel - Seattle Lake Union,47.62969938553836,-122.32905153898623,walking,2404,2822
Seattle Art Museum,47.60751482550527,-122.3379600261628,Silver Cloud Hotel - Seattle Lake Union,47.62969938553836,-122.32905153898623,bicycling,1007,3482
Seattle Art Museum,47.60751482550527,-122.3379600261628,Silver Cloud Hotel - Seattle Lake Union,47.62969938553836,-122.32905153898623,transit,1287,3020
Seattle Art Museum,47.60751482550527,-122.3379600261628,Roanoke Park,47.643558850599135,-122.3202791177817,driving,480,4579
Seattle Art Museum,47.60751482550527,-122.3379600261628,Roanoke Park,47.643558850599135,-122.3202791177817,walking,4118,4772
Seattle Art Museum,47.60751482550527,-122.3379600261628,Roanoke Park,47.643558850599135,-122.3202791177817,bicycling,1437,5146
Seattle Art Museum,47.60751482550527,-122.3379600261628,Roanoke Park,47.643558850599135,-122.3202791177817,transit,2045,4998
Seattle Art Museum,47.60751482550527,-122.3379600261628,Matthews Beach Park,47.69650285365008,-122.27397620570628,driving,1008,13522
Seattle Art Museum,47.60751482550527,-122.3379600261628,Matthews Beach Park,47.69650285365008,-122.27397620570628,walking,11496,13423
Seattle Art Museum,47.60751482550527,-122.3379600261628,Matthews Beach Park,47.69650285365008,-122.27397620570628,bicycling,3392,16352
Seattle Art Museum,47.60751482550527,-122.3379600261628,Matthews Beach Park,47.69650285365008,-122.27397620570628,transit,3387,20923
Seattle Art Museum,47.60751482550527,-122.3379600261628,Juanita Beach Park,47.70461277246282,-122.21481027193994,driving,1476,26451
Seattle Art Museum,47.60751482550527,-122.3379600261628,Juanita Beach Park,47.70461277246282,-122.21481027193994,walking,18168,21830
Seattle Art Museum,47.60751482550527,-122.3379600261628,Juanita Beach Park,47.70461277246282,-122.21481027193994,bicycling,5403,24151
Seattle Art Museum,47.60751482550527,-122.3379600261628,Juanita Beach Park,47.70461277246282,-122.21481027193994,transit,3952,23935
Seattle Art Museum,47.60751482550527,-122.3379600261628,Saint Edward State Park,47.73122571465104,-122.25507941278876,driving,1913,23752
Seattle Art Museum,47.60751482550527,-122.3379600261628,Saint Edward State Park,47.73122571465104,-122.25507941278876,walking,20192,23649
Seattle Art Museum,47.60751482550527,-122.3379600261628,Saint Edward State Park,47.73122571465104,-122.25507941278876,bicycling,6200,28726
Seattle Art Museum,47.60751482550527,-122.3379600261628,Saint Edward State Park,47.73122571465104,-122.25507941278876,transit,5636,26508
Seattle Art Museum,47.60751482550527,-122.3379600261628,Arena Sports Redmond,47.68376903917686,-122.14252351825616,driving,1356,25243
Seattle Art Museum,47.60751482550527,-122.3379600261628,Arena Sports Redmond,47.68376903917686,-122.14252351825616,walking,19509,23228
Seattle Art Museum,47.60751482550527,-122.3379600261628,Arena Sports Redmond,47.68376903917686,-122.14252351825616,bicycling,6485,28790
Seattle Art Museum,47.60751482550527,-122.3379600261628,Arena Sports Redmond,47.68376903917686,-122.14252351825616,transit,3633,28358
Seattle Art Museum,47.60751482550527,-122.3379600261628,Hyatt Regency Lake Washington at Seattle's Southport,47.50275176983241,-122.20492999436894,driving,1336,24151
Seattle Art Museum,47.60751482550527,-122.3379600261628,Hyatt Regency Lake Washington at Seattle's Southport,47.50275176983241,-122.20492999436894,walking,17884,21569
Seattle Art Museum,47.60751482550527,-122.3379600261628,Hyatt Regency Lake Washington at Seattle's Southport,47.50275176983241,-122.20492999436894,bicycling,5488,24592
Seattle Art Museum,47.60751482550527,-122.3379600261628,Hyatt Regency Lake Washington at Seattle's Southport,47.50275176983241,-122.20492999436894,transit,4379,23922
Seattle Art Museum,47.60751482550527,-122.3379600261628,Sky Zone Trampoline Park,47.45157131064491,-122.25209117085872,driving,1222,21139
Seattle Art Museum,47.60751482550527,-122.3379600261628,Sky Zone Trampoline Park,47.45157131064491,-122.25209117085872,walking,17293,20971
Seattle Art Museum,47.60751482550527,-122.3379600261628,Sky Zone Trampoline Park,47.45157131064491,-122.25209117085872,bicycling,5084,26110
Seattle Art Museum,47.60751482550527,-122.3379600261628,Sky Zone Trampoline Park,47.45157131064491,-122.25209117085872,transit,3377,22805
Seattle Art Museum,47.60751482550527,-122.3379600261628,iFLY Indoor Skydiving - Seattle,47.46114190968638,-122.25271517875674,driving,1056,19727
Seattle Art Museum,47.60751482550527,-122.3379600261628,iFLY Indoor Skydiving - Seattle,47.46114190968638,-122.25271517875674,walking,16442,19913
Seattle Art Museum,47.60751482550527,-122.3379600261628,iFLY Indoor Skydiving - Seattle,47.46114190968638,-122.25271517875674,bicycling,5073,26006
Seattle Art Museum,47.60751482550527,-122.3379600261628,iFLY Indoor Skydiving - Seattle,47.46114190968638,-122.25271517875674,transit,2918,20330
Seattle Art Museum,47.60751482550527,-122.3379600261628,Starfire Sports,47.47001944176469,-122.24941096374928,driving,1184,19539
Seattle Art Museum,47.60751482550527,-122.3379600261628,Starfire Sports,47.47001944176469,-122.24941096374928,walking,15771,19180
Seattle Art Museum,47.60751482550527,-122.3379600261628,Starfire Sports,47.47001944176469,-122.24941096374928,bicycling,4562,23494
Seattle Art Museum,47.60751482550527,-122.3379600261628,Starfire Sports,47.47001944176469,-122.24941096374928,transit,2829,19585
Seattle Art Museum,47.60751482550527,-122.3379600261628,Lynnwood City Center Station - Light rail station,47.81563114306697,-122.29482461527935,driving,1274,25592
Seattle Art Museum,47.60751482550527,-122.3379600261628,Lynnwood City Center Station - Light rail station,47.81563114306697,-122.29482461527935,walking,21828,25515
Seattle Art Museum,47.60751482550527,-122.3379600261628,Lynnwood City Center Station - Light rail station,47.81563114306697,-122.29482461527935,bicycling,6657,27769
Seattle Art Museum,47.60751482550527,-122.3379600261628,Lynnwood City Center Station - Light rail station,47.81563114306697,-122.29482461527935,transit,2355,26571
Seattle Art Museum,47.60751482550527,-122.3379600261628,Mountlake Terrace Station - Light rail station,47.78504618330906,-122.31478927811604,driving,1139,21931
Seattle Art Museum,47.60751482550527,-122.3379600261628,Mountlake Terrace Station - Light rail station,47.78504618330906,-122.31478927811604,walking,18050,20921
Seattle Art Museum,47.60751482550527,-122.3379600261628,Mountlake Terrace Station - Light rail station,47.78504618330906,-122.31478927811604,bicycling,5490,21731
Seattle Art Museum,47.60751482550527,-122.3379600261628,Mountlake Terrace Station - Light rail station,47.78504618330906,-122.31478927811604,transit,1990,22400
Seattle Art Museum,47.60751482550527,-122.3379600261628,Shoreline North/185th Station - Light rail station,47.76405775641447,-122.3228979461718,driving,852,18355
Seattle Art Museum,47.60751482550527,-122.3379600261628,Shoreline North/185th Station - Light rail station,47.76405775641447,-122.3228979461718,walking,15884,18397
Seattle Art Museum,47.60751482550527,-122.3379600261628,Shoreline North/185th Station - Light rail station,47.76405775641447,-122.3228979461718,bicycling,5170,20769
Seattle Art Museum,47.60751482550527,-122.3379600261628,Shoreline North/185th Station - Light rail station,47.76405775641447,-122.3228979461718,transit,1862,20021
Seattle Art Museum,47.60751482550527,-122.3379600261628,Shoreline South/148th Station - Light rail station,47.73609123674782,-122.32524360332113,driving,1117,20167
Seattle Art Museum,47.60751482550527,-122.3379600261628,Shoreline South/148th Station - Light rail station,47.73609123674782,-122.32524360332113,walking,13268,15359
Seattle Art Museum,47.60751482550527,-122.3379600261628,Shoreline South/148th Station - Light rail station,47.73609123674782,-122.32524360332113,bicycling,4169,16477
Seattle Art Museum,47.60751482550527,-122.3379600261628,Shoreline South/148th Station - Light rail station,47.73609123674782,-122.32524360332113,transit,1631,16663
Seattle Art Museum,47.60751482550527,-122.3379600261628,Northgate Station - light rail station,47.70300515566221,-122.328330294838,driving,702,12138
Seattle Art Museum,47.60751482550527,-122.3379600261628,Northgate Station - light rail station,47.70300515566221,-122.328330294838,walking,10154,11799
Seattle Art Museum,47.60751482550527,-122.3379600261628,Northgate Station - light rail station,47.70300515566221,-122.328330294838,bicycling,3345,13066
Seattle Art Museum,47.60751482550527,-122.3379600261628,Northgate Station - light rail station,47.70300515566221,-122.328330294838,transit,1331,12866
Seattle Art Museum,47.60751482550527,-122.3379600261628,Roosevelt Station - light rail station,47.6760855528612,-122.3160051214378,driving,637,8428
Seattle Art Museum,47.60751482550527,-122.3379600261628,Roosevelt Station - light rail station,47.6760855528612,-122.3160051214378,walking,7174,8354
Seattle Art Museum,47.60751482550527,-122.3379600261628,Roosevelt Station - light rail station,47.6760855528612,-122.3160051214378,bicycling,2106,8588
Seattle Art Museum,47.60751482550527,-122.3379600261628,Roosevelt Station - light rail station,47.6760855528612,-122.3160051214378,transit,1120,9757
Seattle Art Museum,47.60751482550527,-122.3379600261628,U District Station - light rail station,47.6599735494618,-122.31407798225337,driving,722,7306
Seattle Art Museum,47.60751482550527,-122.3379600261628,U District Station - light rail station,47.6599735494618,-122.31407798225337,walking,5736,6712
Seattle Art Museum,47.60751482550527,-122.3379600261628,U District Station - light rail station,47.6599735494618,-122.31407798225337,bicycling,1704,6964
Seattle Art Museum,47.60751482550527,-122.3379600261628,U District Station - light rail station,47.6599735494618,-122.31407798225337,transit,942,7862
Seattle Art Museum,47.60751482550527,-122.3379600261628,"University of Washington Station
- light rail station",47.65027972126398,-122.30374414254722,driving,626,6605
Seattle Art Museum,47.60751482550527,-122.3379600261628,"University of Washington Station
- light rail station",47.65027972126398,-122.30374414254722,walking,5973,6843
Seattle Art Museum,47.60751482550527,-122.3379600261628,"University of Washington Station
- light rail station",47.65027972126398,-122.30374414254722,bicycling,1816,8098
Seattle Art Museum,47.60751482550527,-122.3379600261628,"University of Washington Station
- light rail station",47.65027972126398,-122.30374414254722,transit,691,6176
Seattle Art Museum,47.60751482550527,-122.3379600261628,Capitol Hill Station - light rail station,47.619755979512334,-122.32061042657767,driving,595,3177
Seattle Art Museum,47.60751482550527,-122.3379600261628,Capitol Hill Station - light rail station,47.619755979512334,-122.32061042657767,walking,2144,2209
Seattle Art Museum,47.60751482550527,-122.3379600261628,Capitol Hill Station - light rail station,47.619755979512334,-122.32061042657767,bicycling,938,2430
Seattle Art Museum,47.60751482550527,-122.3379600261628,Capitol Hill Station - light rail station,47.619755979512334,-122.32061042657767,transit,498,2530
Seattle Art Museum,47.60751482550527,-122.3379600261628,Westlake Station - light rail station,47.61175694210985,-122.3365386185384,driving,245,986
Seattle Art Museum,47.60751482550527,-122.3379600261628,Westlake Station - light rail station,47.61175694210985,-122.3365386185384,walking,573,631
Seattle Art Museum,47.60751482550527,-122.3379600261628,Westlake Station - light rail station,47.61175694210985,-122.3365386185384,bicycling,375,882
Seattle Art Museum,47.60751482550527,-122.3379600261628,Westlake Station - light rail station,47.61175694210985,-122.3365386185384,transit,323,812
Seattle Art Museum,47.60751482550527,-122.3379600261628,Symphony Station - light rail station,47.607796255776215,-122.33604961270476,driving,44,151
Seattle Art Museum,47.60751482550527,-122.3379600261628,Symphony Station - light rail station,47.607796255776215,-122.33604961270476,walking,159,151
Seattle Art Museum,47.60751482550527,-122.3379600261628,Symphony Station - light rail station,47.607796255776215,-122.33604961270476,bicycling,214,516
Seattle Art Museum,47.60751482550527,-122.3379600261628,Symphony Station - light rail station,47.607796255776215,-122.33604961270476,transit,159,151
Seattle Art Museum,47.60751482550527,-122.3379600261628,Pioneer Square Station - light rail station,47.601933279060574,-122.33099575824788,driving,183,859
Seattle Art Museum,47.60751482550527,-122.3379600261628,Pioneer Square Station - light rail station,47.601933279060574,-122.33099575824788,walking,747,870
Seattle Art Museum,47.60751482550527,-122.3379600261628,Pioneer Square Station - light rail station,47.601933279060574,-122.33099575824788,bicycling,332,915
Seattle Art Museum,47.60751482550527,-122.3379600261628,Pioneer Square Station - light rail station,47.601933279060574,-122.33099575824788,transit,265,900
Seattle Art Museum,47.60751482550527,-122.3379600261628,International District/Chinatown Station - light rail station,47.59835834310235,-122.328023768465,driving,293,1355
Seattle Art Museum,47.60751482550527,-122.3379600261628,International District/Chinatown Station - light rail station,47.59835834310235,-122.328023768465,walking,1176,1381
Seattle Art Museum,47.60751482550527,-122.3379600261628,International District/Chinatown Station - light rail station,47.59835834310235,-122.328023768465,bicycling,484,1368
Seattle Art Museum,47.60751482550527,-122.3379600261628,International District/Chinatown Station - light rail station,47.59835834310235,-122.328023768465,transit,439,1566
Seattle Art Museum,47.60751482550527,-122.3379600261628,Stadium Station - light rail station,47.5910983090856,-122.3271699622998,driving,477,2322
Seattle Art Museum,47.60751482550527,-122.3379600261628,Stadium Station - light rail station,47.5910983090856,-122.3271699622998,walking,1814,2175
Seattle Art Museum,47.60751482550527,-122.3379600261628,Stadium Station - light rail station,47.5910983090856,-122.3271699622998,bicycling,634,2172
Seattle Art Museum,47.60751482550527,-122.3379600261628,Stadium Station - light rail station,47.5910983090856,-122.3271699622998,transit,654,2208
Seattle Art Museum,47.60751482550527,-122.3379600261628,SODO Station - light rail station,47.581165192600594,-122.32736238031688,driving,577,3230
Seattle Art Museum,47.60751482550527,-122.3379600261628,SODO Station - light rail station,47.581165192600594,-122.32736238031688,walking,2722,3282
Seattle Art Museum,47.60751482550527,-122.3379600261628,SODO Station - light rail station,47.581165192600594,-122.32736238031688,bicycling,853,3279
Seattle Art Museum,47.60751482550527,-122.3379600261628,SODO Station - light rail station,47.581165192600594,-122.32736238031688,transit,776,3586
Seattle Art Museum,47.60751482550527,-122.3379600261628,Beacon Hill Station - light rail station,47.57926798518594,-122.31172740892907,driving,637,5271
Seattle Art Museum,47.60751482550527,-122.3379600261628,Beacon Hill Station - light rail station,47.57926798518594,-122.31172740892907,walking,3785,4200
Seattle Art Museum,47.60751482550527,-122.3379600261628,Beacon Hill Station - light rail station,47.57926798518594,-122.31172740892907,bicycling,1504,4595
Seattle Art Museum,47.60751482550527,-122.3379600261628,Beacon Hill Station - light rail station,47.57926798518594,-122.31172740892907,transit,956,5079
Seattle Art Museum,47.60751482550527,-122.3379600261628,Mount Baker Station - light rail station,47.57654481956372,-122.29770464239569,driving,714,5340
Seattle Art Museum,47.60751482550527,-122.3379600261628,Mount Baker Station - light rail station,47.57654481956372,-122.29770464239569,walking,4506,5290
Seattle Art Museum,47.60751482550527,-122.3379600261628,Mount Baker Station - light rail station,47.57654481956372,-122.29770464239569,bicycling,1433,5288
Seattle Art Museum,47.60751482550527,-122.3379600261628,Mount Baker Station - light rail station,47.57654481956372,-122.29770464239569,transit,942,6052
Seattle Art Museum,47.60751482550527,-122.3379600261628,"Columbia City Station - light rail station
",47.55974233697859,-122.29270350276938,driving,764,8041
Seattle Art Museum,47.60751482550527,-122.3379600261628,"Columbia City Station - light rail station
",47.55974233697859,-122.29270350276938,walking,6182,7220
Seattle Art Museum,47.60751482550527,-122.3379600261628,"Columbia City Station - light rail station
",47.55974233697859,-122.29270350276938,bicycling,1976,7673
Seattle Art Museum,47.60751482550527,-122.3379600261628,"Columbia City Station - light rail station
",47.55974233697859,-122.29270350276938,transit,1205,8158
Seattle Art Museum,47.60751482550527,-122.3379600261628,Othello Station - light rail station,47.53804878482412,-122.28156731989644,driving,967,10845
Seattle Art Museum,47.60751482550527,-122.3379600261628,Othello Station - light rail station,47.53804878482412,-122.28156731989644,walking,8322,9789
Seattle Art Museum,47.60751482550527,-122.3379600261628,Othello Station - light rail station,47.53804878482412,-122.28156731989644,bicycling,2513,10376
Seattle Art Museum,47.60751482550527,-122.3379600261628,Othello Station - light rail station,47.53804878482412,-122.28156731989644,transit,1469,10727
Seattle Art Museum,47.60751482550527,-122.3379600261628,Rainier Beach Station - light rail station,47.52239690155604,-122.27943315962736,driving,957,15036
Seattle Art Museum,47.60751482550527,-122.3379600261628,Rainier Beach Station - light rail station,47.52239690155604,-122.27943315962736,walking,9800,11579
Seattle Art Museum,47.60751482550527,-122.3379600261628,Rainier Beach Station - light rail station,47.52239690155604,-122.27943315962736,bicycling,2849,12169
Seattle Art Museum,47.60751482550527,-122.3379600261628,Rainier Beach Station - light rail station,47.52239690155604,-122.27943315962736,transit,1542,12331
Seattle Art Museum,47.60751482550527,-122.3379600261628,Tukwila Int'l Blvd Station - light rail station,47.46407137298934,-122.28825649055644,driving,1119,19956
Seattle Art Museum,47.60751482550527,-122.3379600261628,Tukwila Int'l Blvd Station - light rail station,47.46407137298934,-122.28825649055644,walking,15862,18678
Seattle Art Museum,47.60751482550527,-122.3379600261628,Tukwila Int'l Blvd Station - light rail station,47.46407137298934,-122.28825649055644,bicycling,4931,22197
Seattle Art Museum,47.60751482550527,-122.3379600261628,Tukwila Int'l Blvd Station - light rail station,47.46407137298934,-122.28825649055644,transit,2160,21433
Seattle Art Museum,47.60751482550527,-122.3379600261628,SeaTac/Airport Station - light rail station,47.44534852757398,-122.29689677665228,driving,1186,23054
Seattle Art Museum,47.60751482550527,-122.3379600261628,SeaTac/Airport Station - light rail station,47.44534852757398,-122.29689677665228,walking,17674,20827
Seattle Art Museum,47.60751482550527,-122.3379600261628,SeaTac/Airport Station - light rail station,47.44534852757398,-122.29689677665228,bicycling,5185,23636
Seattle Art Museum,47.60751482550527,-122.3379600261628,SeaTac/Airport Station - light rail station,47.44534852757398,-122.29689677665228,transit,2322,24019
Seattle Art Museum,47.60751482550527,-122.3379600261628,Angle Lake Station - light rail station,47.42298823895366,-122.29787955276632,driving,1207,24516
Seattle Art Museum,47.60751482550527,-122.3379600261628,Angle Lake Station - light rail station,47.42298823895366,-122.29787955276632,walking,19922,23405
Seattle Art Museum,47.60751482550527,-122.3379600261628,Angle Lake Station - light rail station,47.42298823895366,-122.29787955276632,bicycling,6051,27094
Seattle Art Museum,47.60751482550527,-122.3379600261628,Angle Lake Station - light rail station,47.42298823895366,-122.29787955276632,transit,2594,26710
Seattle Art Museum,47.60751482550527,-122.3379600261628,Downtown Redmond Station - suburban train line,47.67165114274571,-122.11850183695448,driving,1253,24593
Seattle Art Museum,47.60751482550527,-122.3379600261628,Downtown Redmond Station - suburban train line,47.67165114274571,-122.11850183695448,walking,19886,23546
Seattle Art Museum,47.60751482550527,-122.3379600261628,Downtown Redmond Station - suburban train line,47.67165114274571,-122.11850183695448,bicycling,6291,27390
Seattle Art Museum,47.60751482550527,-122.3379600261628,Downtown Redmond Station - suburban train line,47.67165114274571,-122.11850183695448,transit,3216,27096
Seattle Art Museum,47.60751482550527,-122.3379600261628,Marymoor Village Station - suburban train line ,47.66723127240838,-122.10990989940258,driving,1088,24341
Seattle Art Museum,47.60751482550527,-122.3379600261628,Marymoor Village Station - suburban train line ,47.66723127240838,-122.10990989940258,walking,20306,23979
Seattle Art Museum,47.60751482550527,-122.3379600261628,Marymoor Village Station - suburban train line ,47.66723127240838,-122.10990989940258,bicycling,6510,28995
Seattle Art Museum,47.60751482550527,-122.3379600261628,Marymoor Village Station - suburban train line ,47.66723127240838,-122.10990989940258,transit,3067,24892
Seattle Art Museum,47.60751482550527,-122.3379600261628,"Redmond Technology Station - light rail station
",47.64481217474729,-122.13360830078304,driving,952,20244
Seattle Art Museum,47.60751482550527,-122.3379600261628,"Redmond Technology Station - light rail station
",47.64481217474729,-122.13360830078304,walking,18024,21274
Seattle Art Museum,47.60751482550527,-122.3379600261628,"Redmond Technology Station - light rail station
",47.64481217474729,-122.13360830078304,bicycling,5624,23662
Seattle Art Museum,47.60751482550527,-122.3379600261628,"Redmond Technology Station - light rail station
",47.64481217474729,-122.13360830078304,transit,2056,20496
Seattle Art Museum,47.60751482550527,-122.3379600261628,Overlake Village Station - light rail station,47.63630429011254,-122.1389233374353,driving,1163,20860
Seattle Art Museum,47.60751482550527,-122.3379600261628,Overlake Village Station - light rail station,47.63630429011254,-122.1389233374353,walking,17176,20253
Seattle Art Museum,47.60751482550527,-122.3379600261628,Overlake Village Station - light rail station,47.63630429011254,-122.1389233374353,bicycling,5369,22631
Seattle Art Museum,47.60751482550527,-122.3379600261628,Overlake Village Station - light rail station,47.63630429011254,-122.1389233374353,transit,3297,21991
Seattle Art Museum,47.60751482550527,-122.3379600261628,BelRed Station - light rail station,47.6244194401804,-122.16565057845678,driving,1020,17467
Seattle Art Museum,47.60751482550527,-122.3379600261628,BelRed Station - light rail station,47.6244194401804,-122.16565057845678,walking,15224,17986
Seattle Art Museum,47.60751482550527,-122.3379600261628,BelRed Station - light rail station,47.6244194401804,-122.16565057845678,bicycling,4846,20517
Seattle Art Museum,47.60751482550527,-122.3379600261628,BelRed Station - light rail station,47.6244194401804,-122.16565057845678,transit,2789,21335
Seattle Art Museum,47.60751482550527,-122.3379600261628,Spring District Station - light rail station,47.6237609840852,-122.17856999500664,driving,970,17360
Seattle Art Museum,47.60751482550527,-122.3379600261628,Spring District Station - light rail station,47.6237609840852,-122.17856999500664,walking,15076,17881
Seattle Art Museum,47.60751482550527,-122.3379600261628,Spring District Station - light rail station,47.6237609840852,-122.17856999500664,bicycling,4622,20250
Seattle Art Museum,47.60751482550527,-122.3379600261628,Spring District Station - light rail station,47.6237609840852,-122.17856999500664,transit,3636,25457
Seattle Art Museum,47.60751482550527,-122.3379600261628,Wilburton Station - light rail station,47.61794063638405,-122.18378014228747,driving,1107,18409
Seattle Art Museum,47.60751482550527,-122.3379600261628,Wilburton Station - light rail station,47.61794063638405,-122.18378014228747,walking,14809,17335
Seattle Art Museum,47.60751482550527,-122.3379600261628,Wilburton Station - light rail station,47.61794063638405,-122.18378014228747,bicycling,4587,20210
Seattle Art Museum,47.60751482550527,-122.3379600261628,Wilburton Station - light rail station,47.61794063638405,-122.18378014228747,transit,2657,19608
Seattle Art Museum,47.60751482550527,-122.3379600261628,Bellevue Downtown Station - light rail station,47.61522588585599,-122.1921148622084,driving,958,17640
Seattle Art Museum,47.60751482550527,-122.3379600261628,Bellevue Downtown Station - light rail station,47.61522588585599,-122.1921148622084,walking,14257,16952
Seattle Art Museum,47.60751482550527,-122.3379600261628,Bellevue Downtown Station - light rail station,47.61522588585599,-122.1921148622084,bicycling,4637,18891
Seattle Art Museum,47.60751482550527,-122.3379600261628,Bellevue Downtown Station - light rail station,47.61522588585599,-122.1921148622084,transit,2263,18870
Seattle Art Museum,47.60751482550527,-122.3379600261628,East Main Station - light rail station,47.608176874389706,-122.19114461036956,driving,941,16564
Seattle Art Museum,47.60751482550527,-122.3379600261628,East Main Station - light rail station,47.608176874389706,-122.19114461036956,walking,13451,16060
Seattle Art Museum,47.60751482550527,-122.3379600261628,East Main Station - light rail station,47.608176874389706,-122.19114461036956,bicycling,4400,18170
Seattle Art Museum,47.60751482550527,-122.3379600261628,East Main Station - light rail station,47.608176874389706,-122.19114461036956,transit,2998,23389
Seattle Art Museum,47.60751482550527,-122.3379600261628,South Bellevue Station - light rail station,47.5865821232862,-122.19052230985304,driving,789,14045
Seattle Art Museum,47.60751482550527,-122.3379600261628,South Bellevue Station - light rail station,47.5865821232862,-122.19052230985304,walking,11500,13697
Seattle Art Museum,47.60751482550527,-122.3379600261628,South Bellevue Station - light rail station,47.5865821232862,-122.19052230985304,bicycling,3628,13981
Seattle Art Museum,47.60751482550527,-122.3379600261628,South Bellevue Station - light rail station,47.5865821232862,-122.19052230985304,transit,1470,15040
Seattle Art Museum,47.60751482550527,-122.3379600261628,Tacoma Dome Station - light rail station,47.23980477857818,-122.42813756822996,driving,2172,52452
Seattle Art Museum,47.60751482550527,-122.3379600261628,Tacoma Dome Station - light rail station,47.23980477857818,-122.42813756822996,walking,42516,50892
Seattle Art Museum,47.60751482550527,-122.3379600261628,Tacoma Dome Station - light rail station,47.23980477857818,-122.42813756822996,bicycling,12794,64790
Seattle Art Museum,47.60751482550527,-122.3379600261628,Tacoma Dome Station - light rail station,47.23980477857818,-122.42813756822996,transit,5137,51762
Seattle Art Museum,47.60751482550527,-122.3379600261628,S 25th St Station - light rail station,47.23906666948454,-122.43418911060274,driving,2169,52520
Seattle Art Museum,47.60751482550527,-122.3379600261628,S 25th St Station - light rail station,47.23906666948454,-122.43418911060274,walking,42913,51358
Seattle Art Museum,47.60751482550527,-122.3379600261628,S 25th St Station - light rail station,47.23906666948454,-122.43418911060274,bicycling,12872,65257
Seattle Art Museum,47.60751482550527,-122.3379600261628,S 25th St Station - light rail station,47.23906666948454,-122.43418911060274,transit,5255,52785
Seattle Art Museum,47.60751482550527,-122.3379600261628,Union Station - light rail station,47.244863110045394,-122.436622286192,driving,2163,52998
Seattle Art Museum,47.60751482550527,-122.3379600261628,Union Station - light rail station,47.244863110045394,-122.436622286192,walking,43401,51890
Seattle Art Museum,47.60751482550527,-122.3379600261628,Union Station - light rail station,47.244863110045394,-122.436622286192,bicycling,12966,65787
Seattle Art Museum,47.60751482550527,-122.3379600261628,Union Station - light rail station,47.244863110045394,-122.436622286192,transit,5483,53060
Seattle Art Museum,47.60751482550527,-122.3379600261628,Convention Center Station - light rail station,47.24949671611802,-122.43849386793175,driving,2172,53534
Seattle Art Museum,47.60751482550527,-122.3379600261628,Convention Center Station - light rail station,47.24949671611802,-122.43849386793175,walking,43928,52491
Seattle Art Museum,47.60751482550527,-122.3379600261628,Convention Center Station - light rail station,47.24949671611802,-122.43849386793175,bicycling,13157,66694
Seattle Art Museum,47.60751482550527,-122.3379600261628,Convention Center Station - light rail station,47.24949671611802,-122.43849386793175,transit,5510,53870
Seattle Art Museum,47.60751482550527,-122.3379600261628,Theater District station - light rail station,47.25252956524051,-122.43925260581352,driving,2276,54089
Seattle Art Museum,47.60751482550527,-122.3379600261628,Theater District station - light rail station,47.25252956524051,-122.43925260581352,walking,43836,52436
Seattle Art Museum,47.60751482550527,-122.3379600261628,Theater District station - light rail station,47.25252956524051,-122.43925260581352,bicycling,13093,66352
Seattle Art Museum,47.60751482550527,-122.3379600261628,Theater District station - light rail station,47.25252956524051,-122.43925260581352,transit,5666,54545
Seattle Art Museum,47.60751482550527,-122.3379600261628,Old City Hall Station - light rail station,47.2577386727111,-122.44042084798907,driving,2203,54588
Seattle Art Museum,47.60751482550527,-122.3379600261628,Old City Hall Station - light rail station,47.2577386727111,-122.44042084798907,walking,44179,52840
Seattle Art Museum,47.60751482550527,-122.3379600261628,Old City Hall Station - light rail station,47.2577386727111,-122.44042084798907,bicycling,13219,66765
Seattle Art Museum,47.60751482550527,-122.3379600261628,Old City Hall Station - light rail station,47.2577386727111,-122.44042084798907,transit,5696,54574
Seattle Art Museum,47.60751482550527,-122.3379600261628,S 4th Station - light rail station,47.26130353935754,-122.44273789697527,driving,2219,54864
Seattle Art Museum,47.60751482550527,-122.3379600261628,S 4th Station - light rail station,47.26130353935754,-122.44273789697527,walking,44591,53275
Seattle Art Museum,47.60751482550527,-122.3379600261628,S 4th Station - light rail station,47.26130353935754,-122.44273789697527,bicycling,13384,67200
Seattle Art Museum,47.60751482550527,-122.3379600261628,S 4th Station - light rail station,47.26130353935754,-122.44273789697527,transit,6392,54895
Seattle Art Museum,47.60751482550527,-122.3379600261628,Stadium District station - light rail station,47.26384536950394,-122.44897811185,driving,2323,55675
Seattle Art Museum,47.60751482550527,-122.3379600261628,Stadium District station - light rail station,47.26384536950394,-122.44897811185,walking,37421,50805
Seattle Art Museum,47.60751482550527,-122.3379600261628,Stadium District station - light rail station,47.26384536950394,-122.44897811185,bicycling,13668,68011
Seattle Art Museum,47.60751482550527,-122.3379600261628,Stadium District station - light rail station,47.26384536950394,-122.44897811185,transit,6512,55698
Seattle Art Museum,47.60751482550527,-122.3379600261628,Tacoma General Station - light rail station,47.2600674682266,-122.45355469130534,driving,2442,56131
Seattle Art Museum,47.60751482550527,-122.3379600261628,Tacoma General Station - light rail station,47.2600674682266,-122.45355469130534,walking,37753,51108
Seattle Art Museum,47.60751482550527,-122.3379600261628,Tacoma General Station - light rail station,47.2600674682266,-122.45355469130534,bicycling,13767,68106
Seattle Art Museum,47.60751482550527,-122.3379600261628,Tacoma General Station - light rail station,47.2600674682266,-122.45355469130534,transit,6632,56275
Seattle Art Museum,47.60751482550527,-122.3379600261628,"6th Ave Station - light rail station
",47.25692010442415,-122.452863648999,driving,2429,55956
Seattle Art Museum,47.60751482550527,-122.3379600261628,"6th Ave Station - light rail station
",47.25692010442415,-122.452863648999,walking,45265,53836
Seattle Art Museum,47.60751482550527,-122.3379600261628,"6th Ave Station - light rail station
",47.25692010442415,-122.452863648999,bicycling,13720,67808
Seattle Art Museum,47.60751482550527,-122.3379600261628,"6th Ave Station - light rail station
",47.25692010442415,-122.452863648999,transit,6752,56629
Seattle Art Museum,47.60751482550527,-122.3379600261628,"Hilltop District Station - light rail station
",47.25176375603252,-122.45169705399128,driving,2415,57150
Seattle Art Museum,47.60751482550527,-122.3379600261628,"Hilltop District Station - light rail station
",47.25176375603252,-122.45169705399128,walking,44821,53310
Seattle Art Museum,47.60751482550527,-122.3379600261628,"Hilltop District Station - light rail station
",47.25176375603252,-122.45169705399128,bicycling,13670,67406
Seattle Art Museum,47.60751482550527,-122.3379600261628,"Hilltop District Station - light rail station
",47.25176375603252,-122.45169705399128,transit,6872,57209
Seattle Art Museum,47.60751482550527,-122.3379600261628,"St Joseph Station - light rail station
",47.24526466481149,-122.4501901337307,driving,2349,56509
Seattle Art Museum,47.60751482550527,-122.3379600261628,"St Joseph Station - light rail station
",47.24526466481149,-122.4501901337307,walking,44779,53101
Seattle Art Museum,47.60751482550527,-122.3379600261628,"St Joseph Station - light rail station
",47.24526466481149,-122.4501901337307,bicycling,13725,67215
Seattle Art Museum,47.60751482550527,-122.3379600261628,"St Joseph Station - light rail station
",47.24526466481149,-122.4501901337307,transit,6992,57943
Seattle Art Museum,47.60751482550527,-122.3379600261628,"Everett Station - train station
",47.97540940814232,-122.1975122893522,driving,1951,45332
Seattle Art Museum,47.60751482550527,-122.3379600261628,"Everett Station - train station
",47.97540940814232,-122.1975122893522,walking,38669,45718
Seattle Art Museum,47.60751482550527,-122.3379600261628,"Everett Station - train station
",47.97540940814232,-122.1975122893522,bicycling,12016,60781
Seattle Art Museum,47.60751482550527,-122.3379600261628,"Everett Station - train station
",47.97540940814232,-122.1975122893522,transit,4657,56563
Seattle Art Museum,47.60751482550527,-122.3379600261628,"Mukilteo Station - train station
",47.94911402024775,-122.29898403833772,driving,2129,42124
Seattle Art Museum,47.60751482550527,-122.3379600261628,"Mukilteo Station - train station
",47.94911402024775,-122.29898403833772,walking,34957,41476
Seattle Art Museum,47.60751482550527,-122.3379600261628,"Mukilteo Station - train station
",47.94911402024775,-122.29898403833772,bicycling,10285,45083
Seattle Art Museum,47.60751482550527,-122.3379600261628,"Mukilteo Station - train station
",47.94911402024775,-122.29898403833772,transit,3557,47362
Seattle Art Museum,47.60751482550527,-122.3379600261628,Edmonds Station - train station,47.81105738508295,-122.38443836033753,driving,1547,28049
Seattle Art Museum,47.60751482550527,-122.3379600261628,Edmonds Station - train station,47.81105738508295,-122.38443836033753,walking,21093,24982
Seattle Art Museum,47.60751482550527,-122.3379600261628,Edmonds Station - train station,47.81105738508295,-122.38443836033753,bicycling,6466,27245
Seattle Art Museum,47.60751482550527,-122.3379600261628,Edmonds Station - train station,47.81105738508295,-122.38443836033753,transit,2809,29725
Seattle Art Museum,47.60751482550527,-122.3379600261628,King Street Station - train station,47.59768657434635,-122.32948199917804,driving,254,1295
Seattle Art Museum,47.60751482550527,-122.3379600261628,King Street Station - train station,47.59768657434635,-122.32948199917804,walking,1135,1336
Seattle Art Museum,47.60751482550527,-122.3379600261628,King Street Station - train station,47.59768657434635,-122.32948199917804,bicycling,433,1322
Seattle Art Museum,47.60751482550527,-122.3379600261628,King Street Station - train station,47.59768657434635,-122.32948199917804,transit,553,1701
Seattle Art Museum,47.60751482550527,-122.3379600261628,Tukwila Station - train station,47.46063891664352,-122.24056557355615,driving,1116,20925
Seattle Art Museum,47.60751482550527,-122.3379600261628,Tukwila Station - train station,47.46063891664352,-122.24056557355615,walking,17105,20806
Seattle Art Museum,47.60751482550527,-122.3379600261628,Tukwila Station - train station,47.46063891664352,-122.24056557355615,bicycling,5043,26087
Seattle Art Museum,47.60751482550527,-122.3379600261628,Tukwila Station - train station,47.46063891664352,-122.24056557355615,transit,2026,19145
Seattle Art Museum,47.60751482550527,-122.3379600261628,Kent Station  - train station,47.38456169019029,-122.23294597098804,driving,1657,31992
Seattle Art Museum,47.60751482550527,-122.3379600261628,Kent Station  - train station,47.38456169019029,-122.23294597098804,walking,24113,29414
Seattle Art Museum,47.60751482550527,-122.3379600261628,Kent Station  - train station,47.38456169019029,-122.23294597098804,bicycling,6673,34900
Seattle Art Museum,47.60751482550527,-122.3379600261628,Kent Station  - train station,47.38456169019029,-122.23294597098804,transit,2401,27804
Seattle Art Museum,47.60751482550527,-122.3379600261628,Auburn Station  - train station,47.30652362815994,-122.23213787488524,driving,2002,46005
Seattle Art Museum,47.60751482550527,-122.3379600261628,Auburn Station  - train station,47.30652362815994,-122.23213787488524,walking,31010,37865
Seattle Art Museum,47.60751482550527,-122.3379600261628,Auburn Station  - train station,47.30652362815994,-122.23213787488524,bicycling,8290,43334
Seattle Art Museum,47.60751482550527,-122.3379600261628,Auburn Station  - train station,47.30652362815994,-122.23213787488524,transit,2918,36388
Seattle Art Museum,47.60751482550527,-122.3379600261628,Sumner Station  - train station,47.20163259557312,-122.24457970375572,driving,2346,55306
Seattle Art Museum,47.60751482550527,-122.3379600261628,Sumner Station  - train station,47.20163259557312,-122.24457970375572,walking,41013,50147
Seattle Art Museum,47.60751482550527,-122.3379600261628,Sumner Station  - train station,47.20163259557312,-122.24457970375572,bicycling,10993,57970
Seattle Art Museum,47.60751482550527,-122.3379600261628,Sumner Station  - train station,47.20163259557312,-122.24457970375572,transit,3590,48566
Seattle Art Museum,47.60751482550527,-122.3379600261628,Puyallup Station  - train station,47.19261992105879,-122.2955830656225,driving,2608,57794
Seattle Art Museum,47.60751482550527,-122.3379600261628,Puyallup Station  - train station,47.19261992105879,-122.2955830656225,walking,43611,52206
Seattle Art Museum,47.60751482550527,-122.3379600261628,Puyallup Station  - train station,47.19261992105879,-122.2955830656225,bicycling,12086,63274
Seattle Art Museum,47.60751482550527,-122.3379600261628,Puyallup Station  - train station,47.19261992105879,-122.2955830656225,transit,3677,53012
Seattle Art Museum,47.60751482550527,-122.3379600261628,"South Tacoma Station
 - train station",47.20384206990258,-122.4855288207608,driving,2512,58754
Seattle Art Museum,47.60751482550527,-122.3379600261628,"South Tacoma Station
 - train station",47.20384206990258,-122.4855288207608,walking,48595,57990
Seattle Art Museum,47.60751482550527,-122.3379600261628,"South Tacoma Station
 - train station",47.20384206990258,-122.4855288207608,bicycling,14397,72043
Seattle Art Museum,47.60751482550527,-122.3379600261628,"South Tacoma Station
 - train station",47.20384206990258,-122.4855288207608,transit,5003,72554
Seattle Art Museum,47.60751482550527,-122.3379600261628,Lakewood Station - train station,47.1529698916212,-122.49938506575916,driving,2681,65348
Seattle Art Museum,47.60751482550527,-122.3379600261628,Lakewood Station - train station,47.1529698916212,-122.49938506575916,walking,46489,61730
Seattle Art Museum,47.60751482550527,-122.3379600261628,Lakewood Station - train station,47.1529698916212,-122.49938506575916,bicycling,16333,82796
Seattle Art Museum,47.60751482550527,-122.3379600261628,Lakewood Station - train station,47.1529698916212,-122.49938506575916,transit,5719,78356
Seattle Art Museum,47.60751482550527,-122.3379600261628,Benaroya Hall,47.60814199288301,-122.3368087995574,driving,61,219
Seattle Art Museum,47.60751482550527,-122.3379600261628,Benaroya Hall,47.60814199288301,-122.3368087995574,walking,215,219
Seattle Art Museum,47.60751482550527,-122.3379600261628,Benaroya Hall,47.60814199288301,-122.3368087995574,bicycling,225,579
Seattle Art Museum,47.60751482550527,-122.3379600261628,Benaroya Hall,47.60814199288301,-122.3368087995574,transit,215,219
Seattle Art Museum,47.60751482550527,-122.3379600261628,Seattle Ferry Terminal,47.602418939911296,-122.3389796268892,driving,370,1349
Seattle Art Museum,47.60751482550527,-122.3379600261628,Seattle Ferry Terminal,47.602418939911296,-122.3389796268892,walking,705,854
Seattle Art Museum,47.60751482550527,-122.3379600261628,Seattle Ferry Terminal,47.602418939911296,-122.3389796268892,bicycling,316,1000
Seattle Art Museum,47.60751482550527,-122.3379600261628,Seattle Ferry Terminal,47.602418939911296,-122.3389796268892,transit,705,854
Seattle Art Museum,47.60751482550527,-122.3379600261628,Cal Anderson Park,47.61699686088056,-122.31913288398152,driving,644,2339
Seattle Art Museum,47.60751482550527,-122.3379600261628,Cal Anderson Park,47.61699686088056,-122.31913288398152,walking,2066,2151
Seattle Art Museum,47.60751482550527,-122.3379600261628,Cal Anderson Park,47.61699686088056,-122.31913288398152,bicycling,900,2219
Seattle Art Museum,47.60751482550527,-122.3379600261628,Cal Anderson Park,47.61699686088056,-122.31913288398152,transit,741,2816
Seattle Art Museum,47.60751482550527,-122.3379600261628,Seattle Central College,47.61671042745196,-122.32160607567263,driving,546,2006
Seattle Art Museum,47.60751482550527,-122.3379600261628,Seattle Central College,47.61671042745196,-122.32160607567263,walking,1851,1908
Seattle Art Museum,47.60751482550527,-122.3379600261628,Seattle Central College,47.61671042745196,-122.32160607567263,bicycling,891,2064
Seattle Art Museum,47.60751482550527,-122.3379600261628,Seattle Central College,47.61671042745196,-122.32160607567263,transit,838,2923
Seattle Art Museum,47.60751482550527,-122.3379600261628,University Village,47.6616727246282,-122.29904419663022,driving,702,7781
Seattle Art Museum,47.60751482550527,-122.3379600261628,University Village,47.6616727246282,-122.29904419663022,walking,6684,7859
Seattle Art Museum,47.60751482550527,-122.3379600261628,University Village,47.6616727246282,-122.29904419663022,bicycling,1998,9012
Seattle Art Museum,47.60751482550527,-122.3379600261628,University Village,47.6616727246282,-122.29904419663022,transit,1887,9443
Seattle Art Museum,47.60751482550527,-122.3379600261628,The Westin Seattle,47.613693189262335,-122.33819797246176,driving,355,1598
Seattle Art Museum,47.60751482550527,-122.3379600261628,The Westin Seattle,47.613693189262335,-122.33819797246176,walking,727,798
Seattle Art Museum,47.60751482550527,-122.3379600261628,The Westin Seattle,47.613693189262335,-122.33819797246176,bicycling,444,979
Seattle Art Museum,47.60751482550527,-122.3379600261628,The Westin Seattle,47.613693189262335,-122.33819797246176,transit,539,1060
