origin_place,origin_lat,origin_lng,destination_place,destination_lat,destination_lng,mode
Amazon Corporate Headquarters,47.62273719968499,-122.3367529935981,Space Needle,47.620475865973454,-122.34922662355609,driving
Amazon Corporate Headquarters,47.62273719968499,-122.3367529935981,Space Needle,47.620475865973454,-122.34922662355609,walking
Amazon Corporate Headquarters,47.62273719968499,-122.3367529935981,Space Needle,47.620475865973454,-122.34922662355609,bicycling
Amazon Corporate Headquarters,47.62273719968499,-122.3367529935981,Space Needle,47.620475865973454,-122.34922662355609,transit
Amazon Corporate Headquarters,47.62273719968499,-122.3367529935981,Chihuly Garden and Glass,47.62054706471586,-122.35046081087614,driving
Amazon Corporate Headquarters,47.62273719968499,-122.3367529935981,Chihuly Garden and Glass,47.62054706471586,-122.35046081087614,walking
Amazon Corporate Headquarters,47.62273719968499,-122.3367529935981,Chihuly Garden and Glass,47.62054706471586,-122.35046081087614,bicycling
Amazon Corporate Headquarters,47.62273719968499,-122.3367529935981,Chihuly Garden and Glass,47.62054706471586,-122.35046081087614,transit
Amazon Corporate Headquarters,47.62273719968499,-122.3367529935981,Seattle Aquarium,47.607381610552146,-122.34296367108706,driving
Amazon Corporate Headquarters,47.62273719968499,-122.3367529935981,Seattle Aquarium,47.607381610552146,-122.34296367108706,walking
Amazon Corporate Headquarters,47.62273719968499,-122.3367529935981,Seattle Aquarium,47.607381610552146,-122.34296367108706,bicycling
Amazon Corporate Headquarters,47.62273719968499,-122.3367529935981,Seattle Aquarium,47.607381610552146,-122.34296367108706,transit
Amazon Corporate Headquarters,47.62273719968499,-122.3367529935981,Olympic Sculpture Park,47.616598558883176,-122.35531073027671,driving
Amazon Corporate Headquarters,47.62273719968499,-122.3367529935981,Olympic Sculpture Park,47.616598558883176,-122.35531073027671,walking
Amazon Corporate Headquarters,47.62273719968499,-122.3367529935981,Olympic Sculpture Park,47.616598558883176,-122.35531073027671,bicycling
Amazon Corporate Headquarters,47.62273719968499,-122.3367529935981,Olympic Sculpture Park,47.616598558883176,-122.35531073027671,transit
Amazon Corporate Headquarters,47.62273719968499,-122.3367529935981,Museum of Pop Culture,47.621470125609314,-122.3481282699205,driving
Amazon Corporate Headquarters,47.62273719968499,-122.3367529935981,Museum of Pop Culture,47.621470125609314,-122.3481282699205,walking
Amazon Corporate Headquarters,47.62273719968499,-122.3367529935981,Museum of Pop Culture,47.621470125609314,-122.3481282699205,bicycling
Amazon Corporate Headquarters,47.62273719968499,-122.3367529935981,Museum of Pop Culture,47.621470125609314,-122.3481282699205,transit
Amazon Corporate Headquarters,47.62273719968499,-122.3367529935981,Discovery Park,47.66122637312634,-122.41720530872853,driving
Amazon Corporate Headquarters,47.62273719968499,-122.3367529935981,Discovery Park,47.66122637312634,-122.41720530872853,walking
Amazon Corporate Headquarters,47.62273719968499,-122.3367529935981,Discovery Park,47.66122637312634,-122.41720530872853,bicycling
Amazon Corporate Headquarters,47.62273719968499,-122.3367529935981,Discovery Park,47.66122637312634,-122.41720530872853,transit
Amazon Corporate Headquarters,47.62273719968499,-122.3367529935981,Pike Place Market,47.60939849082073,-122.3418399195103,driving
Amazon Corporate Headquarters,47.62273719968499,-122.3367529935981,Pike Place Market,47.60939849082073,-122.3418399195103,walking
Amazon Corporate Headquarters,47.62273719968499,-122.3367529935981,Pike Place Market,47.60939849082073,-122.3418399195103,bicycling
Amazon Corporate Headquarters,47.62273719968499,-122.3367529935981,Pike Place Market,47.60939849082073,-122.3418399195103,transit
Amazon Corporate Headquarters,47.62273719968499,-122.3367529935981,The Seattle Great Wheel,47.606120881176786,-122.34252171878009,driving
Amazon Corporate Headquarters,47.62273719968499,-122.3367529935981,The Seattle Great Wheel,47.606120881176786,-122.34252171878009,walking
Amazon Corporate Headquarters,47.62273719968499,-122.3367529935981,The Seattle Great Wheel,47.606120881176786,-122.34252171878009,bicycling
Amazon Corporate Headquarters,47.62273719968499,-122.3367529935981,The Seattle Great Wheel,47.606120881176786,-122.34252171878009,transit
Amazon Corporate Headquarters,47.62273719968499,-122.3367529935981,Fremont Troll,47.65105594466806,-122.34750074191479,driving
Amazon Corporate Headquarters,47.62273719968499,-122.3367529935981,Fremont Troll,47.65105594466806,-122.34750074191479,walking
Amazon Corporate Headquarters,47.62273719968499,-122.3367529935981,Fremont Troll,47.65105594466806,-122.34750074191479,bicycling
Amazon Corporate Headquarters,47.62273719968499,-122.3367529935981,Fremont Troll,47.65105594466806,-122.34750074191479,transit
Amazon Corporate Headquarters,47.62273719968499,-122.3367529935981,Seattle Art Museum,47.60751482550527,-122.33796002616279,driving
Amazon Corporate Headquarters,47.62273719968499,-122.3367529935981,Seattle Art Museum,47.60751482550527,-122.33796002616279,walking
Amazon Corporate Headquarters,47.62273719968499,-122.3367529935981,Seattle Art Museum,47.60751482550527,-122.33796002616279,bicycling
Amazon Corporate Headquarters,47.62273719968499,-122.3367529935981,Seattle Art Museum,47.60751482550527,-122.33796002616279,transit
Amazon Corporate Headquarters,47.62273719968499,-122.3367529935981,Waterfront Park,47.60703330685766,-122.34182786690161,driving
Amazon Corporate Headquarters,47.62273719968499,-122.3367529935981,Waterfront Park,47.60703330685766,-122.34182786690161,walking
Amazon Corporate Headquarters,47.62273719968499,-122.3367529935981,Waterfront Park,47.60703330685766,-122.34182786690161,bicycling
Amazon Corporate Headquarters,47.62273719968499,-122.3367529935981,Waterfront Park,47.60703330685766,-122.34182786690161,transit
Amazon Corporate Headquarters,47.62273719968499,-122.3367529935981,Kerry Park,47.62947041105963,-122.35993432806126,driving
Amazon Corporate Headquarters,47.62273719968499,-122.3367529935981,Kerry Park,47.62947041105963,-122.35993432806126,walking
Amazon Corporate Headquarters,47.62273719968499,-122.3367529935981,Kerry Park,47.62947041105963,-122.35993432806126,bicycling
Amazon Corporate Headquarters,47.62273719968499,-122.3367529935981,Kerry Park,47.62947041105963,-122.35993432806126,transit
Amazon Corporate Headquarters,47.62273719968499,-122.3367529935981,The Gum Wall at Unexpected Productions Improv,47.608357610471906,-122.3403386964607,driving
Amazon Corporate Headquarters,47.62273719968499,-122.3367529935981,The Gum Wall at Unexpected Productions Improv,47.608357610471906,-122.3403386964607,walking
Amazon Corporate Headquarters,47.62273719968499,-122.3367529935981,The Gum Wall at Unexpected Productions Improv,47.608357610471906,-122.3403386964607,bicycling
Amazon Corporate Headquarters,47.62273719968499,-122.3367529935981,The Gum Wall at Unexpected Productions Improv,47.608357610471906,-122.3403386964607,transit
Amazon Corporate Headquarters,47.62273719968499,-122.3367529935981,Smith Tower,47.601848797389756,-122.33185426362004,driving
Amazon Corporate Headquarters,47.62273719968499,-122.3367529935981,Smith Tower,47.601848797389756,-122.33185426362004,walking
Amazon Corporate Headquarters,47.62273719968499,-122.3367529935981,Smith Tower,47.601848797389756,-122.33185426362004,bicycling
Amazon Corporate Headquarters,47.62273719968499,-122.3367529935981,Smith Tower,47.601848797389756,-122.33185426362004,transit
Amazon Corporate Headquarters,47.62273719968499,-122.3367529935981,Seattle Japanese Garden,47.628988143602356,-122.29629747947965,driving
Amazon Corporate Headquarters,47.62273719968499,-122.3367529935981,Seattle Japanese Garden,47.628988143602356,-122.29629747947965,walking
Amazon Corporate Headquarters,47.62273719968499,-122.3367529935981,Seattle Japanese Garden,47.628988143602356,-122.29629747947965,bicycling
Amazon Corporate Headquarters,47.62273719968499,-122.3367529935981,Seattle Japanese Garden,47.628988143602356,-122.29629747947965,transit
Amazon Corporate Headquarters,47.62273719968499,-122.3367529935981,Volunteer Park,47.63103246682187,-122.31632974461817,driving
Amazon Corporate Headquarters,47.62273719968499,-122.3367529935981,Volunteer Park,47.63103246682187,-122.31632974461817,walking
Amazon Corporate Headquarters,47.62273719968499,-122.3367529935981,Volunteer Park,47.63103246682187,-122.31632974461817,bicycling
Amazon Corporate Headquarters,47.62273719968499,-122.3367529935981,Volunteer Park,47.63103246682187,-122.31632974461817,transit
Amazon Corporate Headquarters,47.62273719968499,-122.3367529935981,Sky View Observatory - Columbia Center,47.604361063516045,-122.33101084091537,driving
Amazon Corporate Headquarters,47.62273719968499,-122.3367529935981,Sky View Observatory - Columbia Center,47.604361063516045,-122.33101084091537,walking
Amazon Corporate Headquarters,47.62273719968499,-122.3367529935981,Sky View Observatory - Columbia Center,47.604361063516045,-122.33101084091537,bicycling
Amazon Corporate Headquarters,47.62273719968499,-122.3367529935981,Sky View Observatory - Columbia Center,47.604361063516045,-122.33101084091537,transit
Amazon Corporate Headquarters,47.62273719968499,-122.3367529935981,Seward Park,47.549601386258544,-122.25736531434887,driving
Amazon Corporate Headquarters,47.62273719968499,-122.3367529935981,Seward Park,47.549601386258544,-122.25736531434887,walking
Amazon Corporate Headquarters,47.62273719968499,-122.3367529935981,Seward Park,47.549601386258544,-122.25736531434887,bicycling
Amazon Corporate Headquarters,47.62273719968499,-122.3367529935981,Seward Park,47.549601386258544,-122.25736531434887,transit
Amazon Corporate Headquarters,47.62273719968499,-122.3367529935981,Lake Union Park,47.62709090421509,-122.33713195940298,driving
Amazon Corporate Headquarters,47.62273719968499,-122.3367529935981,Lake Union Park,47.62709090421509,-122.33713195940298,walking
Amazon Corporate Headquarters,47.62273719968499,-122.3367529935981,Lake Union Park,47.62709090421509,-122.33713195940298,bicycling
Amazon Corporate Headquarters,47.62273719968499,-122.3367529935981,Lake Union Park,47.62709090421509,-122.33713195940298,transit
Amazon Corporate Headquarters,47.62273719968499,-122.3367529935981,Wing Luke Museum,47.598213812847106,-122.32292099585958,driving
Amazon Corporate Headquarters,47.62273719968499,-122.3367529935981,Wing Luke Museum,47.598213812847106,-122.32292099585958,walking
Amazon Corporate Headquarters,47.62273719968499,-122.3367529935981,Wing Luke Museum,47.598213812847106,-122.32292099585958,bicycling
Amazon Corporate Headquarters,47.62273719968499,-122.3367529935981,Wing Luke Museum,47.598213812847106,-122.32292099585958,transit
Amazon Corporate Headquarters,47.62273719968499,-122.3367529935981,Pier 55,47.60473848834246,-122.33971581996045,driving
Amazon Corporate Headquarters,47.62273719968499,-122.3367529935981,Pier 55,47.60473848834246,-122.33971581996045,walking
Amazon Corporate Headquarters,47.62273719968499,-122.3367529935981,Pier 55,47.60473848834246,-122.33971581996045,bicycling
Amazon Corporate Headquarters,47.62273719968499,-122.3367529935981,Pier 55,47.60473848834246,-122.33971581996045,transit
Amazon Corporate Headquarters,47.62273719968499,-122.3367529935981,Kubota Garden,47.513456104891816,-122.26587346070158,driving
Amazon Corporate Headquarters,47.62273719968499,-122.3367529935981,Kubota Garden,47.513456104891816,-122.26587346070158,walking
Amazon Corporate Headquarters,47.62273719968499,-122.3367529935981,Kubota Garden,47.513456104891816,-122.26587346070158,bicycling
Amazon Corporate Headquarters,47.62273719968499,-122.3367529935981,Kubota Garden,47.513456104891816,-122.26587346070158,transit
Amazon Corporate Headquarters,47.62273719968499,-122.3367529935981,Green Lake Park,47.680189853320684,-122.32842851303496,driving
Amazon Corporate Headquarters,47.62273719968499,-122.3367529935981,Green Lake Park,47.680189853320684,-122.32842851303496,walking
Amazon Corporate Headquarters,47.62273719968499,-122.3367529935981,Green Lake Park,47.680189853320684,-122.32842851303496,bicycling
Amazon Corporate Headquarters,47.62273719968499,-122.3367529935981,Green Lake Park,47.680189853320684,-122.32842851303496,transit
Amazon Corporate Headquarters,47.62273719968499,-122.3367529935981,Seattle Chinese Garden,47.55176640036533,-122.3524959672396,driving
Amazon Corporate Headquarters,47.62273719968499,-122.3367529935981,Seattle Chinese Garden,47.55176640036533,-122.3524959672396,walking
Amazon Corporate Headquarters,47.62273719968499,-122.3367529935981,Seattle Chinese Garden,47.55176640036533,-122.3524959672396,bicycling
Amazon Corporate Headquarters,47.62273719968499,-122.3367529935981,Seattle Chinese Garden,47.55176640036533,-122.3524959672396,transit
Amazon Corporate Headquarters,47.62273719968499,-122.3367529935981,Henry Art Gallery,47.656270488379,-122.31172287699964,driving
Amazon Corporate Headquarters,47.62273719968499,-122.3367529935981,Henry Art Gallery,47.656270488379,-122.31172287699964,walking
Amazon Corporate Headquarters,47.62273719968499,-122.3367529935981,Henry Art Gallery,47.656270488379,-122.31172287699964,bicycling
Amazon Corporate Headquarters,47.62273719968499,-122.3367529935981,Henry Art Gallery,47.656270488379,-122.31172287699964,transit
Amazon Corporate Headquarters,47.62273719968499,-122.3367529935981,Waterfall Garden,47.60022525656089,-122.33205827262441,driving
Amazon Corporate Headquarters,47.62273719968499,-122.3367529935981,Waterfall Garden,47.60022525656089,-122.33205827262441,walking
Amazon Corporate Headquarters,47.62273719968499,-122.3367529935981,Waterfall Garden,47.60022525656089,-122.33205827262441,bicycling
Amazon Corporate Headquarters,47.62273719968499,-122.3367529935981,Waterfall Garden,47.60022525656089,-122.33205827262441,transit
Amazon Corporate Headquarters,47.62273719968499,-122.3367529935981,Volunteer Park Conservatory,47.63210767740743,-122.31574605223666,driving
Amazon Corporate Headquarters,47.62273719968499,-122.3367529935981,Volunteer Park Conservatory,47.63210767740743,-122.31574605223666,walking
Amazon Corporate Headquarters,47.62273719968499,-122.3367529935981,Volunteer Park Conservatory,47.63210767740743,-122.31574605223666,bicycling
Amazon Corporate Headquarters,47.62273719968499,-122.3367529935981,Volunteer Park Conservatory,47.63210767740743,-122.31574605223666,transit
Amazon Corporate Headquarters,47.62273719968499,-122.3367529935981,Tilikum Place,47.618334921015396,-122.34747709142152,driving
Amazon Corporate Headquarters,47.62273719968499,-122.3367529935981,Tilikum Place,47.618334921015396,-122.34747709142152,walking
Amazon Corporate Headquarters,47.62273719968499,-122.3367529935981,Tilikum Place,47.618334921015396,-122.34747709142152,bicycling
Amazon Corporate Headquarters,47.62273719968499,-122.3367529935981,Tilikum Place,47.618334921015396,-122.34747709142152,transit
Amazon Corporate Headquarters,47.62273719968499,-122.3367529935981,Historic Chinatown Gate,47.598437167923336,-122.3273775033157,driving
Amazon Corporate Headquarters,47.62273719968499,-122.3367529935981,Historic Chinatown Gate,47.598437167923336,-122.3273775033157,walking
Amazon Corporate Headquarters,47.62273719968499,-122.3367529935981,Historic Chinatown Gate,47.598437167923336,-122.3273775033157,bicycling
Amazon Corporate Headquarters,47.62273719968499,-122.3367529935981,Historic Chinatown Gate,47.598437167923336,-122.3273775033157,transit
Amazon Corporate Headquarters,47.62273719968499,-122.3367529935981,Seattle Public Library - Central Library,47.60665261297587,-122.33218316372471,driving
Amazon Corporate Headquarters,47.62273719968499,-122.3367529935981,Seattle Public Library - Central Library,47.60665261297587,-122.33218316372471,walking
Amazon Corporate Headquarters,47.62273719968499,-122.3367529935981,Seattle Public Library - Central Library,47.60665261297587,-122.33218316372471,bicycling
Amazon Corporate Headquarters,47.62273719968499,-122.3367529935981,Seattle Public Library - Central Library,47.60665261297587,-122.33218316372471,transit
Amazon Corporate Headquarters,47.62273719968499,-122.3367529935981,Frye Art Museum,47.60719047693422,-122.32415454092983,driving
Amazon Corporate Headquarters,47.62273719968499,-122.3367529935981,Frye Art Museum,47.60719047693422,-122.32415454092983,walking
Amazon Corporate Headquarters,47.62273719968499,-122.3367529935981,Frye Art Museum,47.60719047693422,-122.32415454092983,bicycling
Amazon Corporate Headquarters,47.62273719968499,-122.3367529935981,Frye Art Museum,47.60719047693422,-122.32415454092983,transit
Amazon Corporate Headquarters,47.62273719968499,-122.3367529935981,Westlake Park,47.61094900589339,-122.33702063223053,driving
Amazon Corporate Headquarters,47.62273719968499,-122.3367529935981,Westlake Park,47.61094900589339,-122.33702063223053,walking
Amazon Corporate Headquarters,47.62273719968499,-122.3367529935981,Westlake Park,47.61094900589339,-122.33702063223053,bicycling
Amazon Corporate Headquarters,47.62273719968499,-122.3367529935981,Westlake Park,47.61094900589339,-122.33702063223053,transit
Amazon Corporate Headquarters,47.62273719968499,-122.3367529935981,Freeway Park,47.60930101629172,-122.33090455552055,driving
Amazon Corporate Headquarters,47.62273719968499,-122.3367529935981,Freeway Park,47.60930101629172,-122.33090455552055,walking
Amazon Corporate Headquarters,47.62273719968499,-122.3367529935981,Freeway Park,47.60930101629172,-122.33090455552055,bicycling
Amazon Corporate Headquarters,47.62273719968499,-122.3367529935981,Freeway Park,47.60930101629172,-122.33090455552055,transit
Amazon Corporate Headquarters,47.62273719968499,-122.3367529935981,Occidental Square,47.60049434209228,-122.33322845827756,driving
Amazon Corporate Headquarters,47.62273719968499,-122.3367529935981,Occidental Square,47.60049434209228,-122.33322845827756,walking
Amazon Corporate Headquarters,47.62273719968499,-122.3367529935981,Occidental Square,47.60049434209228,-122.33322845827756,bicycling
Amazon Corporate Headquarters,47.62273719968499,-122.3367529935981,Occidental Square,47.60049434209228,-122.33322845827756,transit
Amazon Corporate Headquarters,47.62273719968499,-122.3367529935981,Myrtle Edwards Park,47.61942317383828,-122.36181156887481,driving
Amazon Corporate Headquarters,47.62273719968499,-122.3367529935981,Myrtle Edwards Park,47.61942317383828,-122.36181156887481,walking
Amazon Corporate Headquarters,47.62273719968499,-122.3367529935981,Myrtle Edwards Park,47.61942317383828,-122.36181156887481,bicycling
Amazon Corporate Headquarters,47.62273719968499,-122.3367529935981,Myrtle Edwards Park,47.61942317383828,-122.36181156887481,transit
Amazon Corporate Headquarters,47.62273719968499,-122.3367529935981,International Fountain,47.62250232314546,-122.35208589820942,driving
Amazon Corporate Headquarters,47.62273719968499,-122.3367529935981,International Fountain,47.62250232314546,-122.35208589820942,walking
Amazon Corporate Headquarters,47.62273719968499,-122.3367529935981,International Fountain,47.62250232314546,-122.35208589820942,bicycling
Amazon Corporate Headquarters,47.62273719968499,-122.3367529935981,International Fountain,47.62250232314546,-122.35208589820942,transit
Amazon Corporate Headquarters,47.62273719968499,-122.3367529935981,Hamilton Viewpoint Park,47.59327621149741,-122.38603073234243,driving
Amazon Corporate Headquarters,47.62273719968499,-122.3367529935981,Hamilton Viewpoint Park,47.59327621149741,-122.38603073234243,walking
Amazon Corporate Headquarters,47.62273719968499,-122.3367529935981,Hamilton Viewpoint Park,47.59327621149741,-122.38603073234243,bicycling
Amazon Corporate Headquarters,47.62273719968499,-122.3367529935981,Hamilton Viewpoint Park,47.59327621149741,-122.38603073234243,transit
Amazon Corporate Headquarters,47.62273719968499,-122.3367529935981,World Famous Giant Shoe Museum,47.608625219403336,-122.34074178200237,driving
Amazon Corporate Headquarters,47.62273719968499,-122.3367529935981,World Famous Giant Shoe Museum,47.608625219403336,-122.34074178200237,walking
Amazon Corporate Headquarters,47.62273719968499,-122.3367529935981,World Famous Giant Shoe Museum,47.608625219403336,-122.34074178200237,bicycling
Amazon Corporate Headquarters,47.62273719968499,-122.3367529935981,World Famous Giant Shoe Museum,47.608625219403336,-122.34074178200237,transit
Amazon Corporate Headquarters,47.62273719968499,-122.3367529935981,Coast Guard Museum Northwest,47.590641861731484,-122.33792018189625,driving
Amazon Corporate Headquarters,47.62273719968499,-122.3367529935981,Coast Guard Museum Northwest,47.590641861731484,-122.33792018189625,walking
Amazon Corporate Headquarters,47.62273719968499,-122.3367529935981,Coast Guard Museum Northwest,47.590641861731484,-122.33792018189625,bicycling
Amazon Corporate Headquarters,47.62273719968499,-122.3367529935981,Coast Guard Museum Northwest,47.590641861731484,-122.33792018189625,transit
Amazon Corporate Headquarters,47.62273719968499,-122.3367529935981,Museum of Illusions - Seattle,47.60962649476756,-122.33443924804578,driving
Amazon Corporate Headquarters,47.62273719968499,-122.3367529935981,Museum of Illusions - Seattle,47.60962649476756,-122.33443924804578,walking
Amazon Corporate Headquarters,47.62273719968499,-122.3367529935981,Museum of Illusions - Seattle,47.60962649476756,-122.33443924804578,bicycling
Amazon Corporate Headquarters,47.62273719968499,-122.3367529935981,Museum of Illusions - Seattle,47.60962649476756,-122.33443924804578,transit
Amazon Corporate Headquarters,47.62273719968499,-122.3367529935981,Jimi Hendrix Statue,47.61550301473619,-122.32071505564883,driving
Amazon Corporate Headquarters,47.62273719968499,-122.3367529935981,Jimi Hendrix Statue,47.61550301473619,-122.32071505564883,walking
Amazon Corporate Headquarters,47.62273719968499,-122.3367529935981,Jimi Hendrix Statue,47.61550301473619,-122.32071505564883,bicycling
Amazon Corporate Headquarters,47.62273719968499,-122.3367529935981,Jimi Hendrix Statue,47.61550301473619,-122.32071505564883,transit
Amazon Corporate Headquarters,47.62273719968499,-122.3367529935981,Seattle Pinball Museum,47.598062914430656,-122.32478776955406,driving
Amazon Corporate Headquarters,47.62273719968499,-122.3367529935981,Seattle Pinball Museum,47.598062914430656,-122.32478776955406,walking
Amazon Corporate Headquarters,47.62273719968499,-122.3367529935981,Seattle Pinball Museum,47.598062914430656,-122.32478776955406,bicycling
Amazon Corporate Headquarters,47.62273719968499,-122.3367529935981,Seattle Pinball Museum,47.598062914430656,-122.32478776955406,transit
Amazon Corporate Headquarters,47.62273719968499,-122.3367529935981,Black Sun by Isamu Noguchi,47.62993554368945,-122.31519058877883,driving
Amazon Corporate Headquarters,47.62273719968499,-122.3367529935981,Black Sun by Isamu Noguchi,47.62993554368945,-122.31519058877883,walking
Amazon Corporate Headquarters,47.62273719968499,-122.3367529935981,Black Sun by Isamu Noguchi,47.62993554368945,-122.31519058877883,bicycling
Amazon Corporate Headquarters,47.62273719968499,-122.3367529935981,Black Sun by Isamu Noguchi,47.62993554368945,-122.31519058877883,transit
Amazon Corporate Headquarters,47.62273719968499,-122.3367529935981,Woodland Park Rose Garden,47.66576035818477,-122.34934114465352,driving
Amazon Corporate Headquarters,47.62273719968499,-122.3367529935981,Woodland Park Rose Garden,47.66576035818477,-122.34934114465352,walking
Amazon Corporate Headquarters,47.62273719968499,-122.3367529935981,Woodland Park Rose Garden,47.66576035818477,-122.34934114465352,bicycling
Amazon Corporate Headquarters,47.62273719968499,-122.3367529935981,Woodland Park Rose Garden,47.66576035818477,-122.34934114465352,transit
Amazon Corporate Headquarters,47.62273719968499,-122.3367529935981,Centennial Park,47.622607784445435,-122.36641595527288,driving
Amazon Corporate Headquarters,47.62273719968499,-122.3367529935981,Centennial Park,47.622607784445435,-122.36641595527288,walking
Amazon Corporate Headquarters,47.62273719968499,-122.3367529935981,Centennial Park,47.622607784445435,-122.36641595527288,bicycling
Amazon Corporate Headquarters,47.62273719968499,-122.3367529935981,Centennial Park,47.622607784445435,-122.36641595527288,transit
Amazon Corporate Headquarters,47.62273719968499,-122.3367529935981,Klondike Gold Rush National Historical Park,47.599293724497805,-122.33177757029932,driving
Amazon Corporate Headquarters,47.62273719968499,-122.3367529935981,Klondike Gold Rush National Historical Park,47.599293724497805,-122.33177757029932,walking
Amazon Corporate Headquarters,47.62273719968499,-122.3367529935981,Klondike Gold Rush National Historical Park,47.599293724497805,-122.33177757029932,bicycling
Amazon Corporate Headquarters,47.62273719968499,-122.3367529935981,Klondike Gold Rush National Historical Park,47.599293724497805,-122.33177757029932,transit
Amazon Corporate Headquarters,47.62273719968499,-122.3367529935981,Pacific Science Center,47.620036161933285,-122.35156843607753,driving
Amazon Corporate Headquarters,47.62273719968499,-122.3367529935981,Pacific Science Center,47.620036161933285,-122.35156843607753,walking
Amazon Corporate Headquarters,47.62273719968499,-122.3367529935981,Pacific Science Center,47.620036161933285,-122.35156843607753,bicycling
Amazon Corporate Headquarters,47.62273719968499,-122.3367529935981,Pacific Science Center,47.620036161933285,-122.35156843607753,transit
Amazon Corporate Headquarters,47.62273719968499,-122.3367529935981,Museum of History & Industry (MOHAI),47.62757702542345,-122.33690614596017,driving
Amazon Corporate Headquarters,47.62273719968499,-122.3367529935981,Museum of History & Industry (MOHAI),47.62757702542345,-122.33690614596017,walking
Amazon Corporate Headquarters,47.62273719968499,-122.3367529935981,Museum of History & Industry (MOHAI),47.62757702542345,-122.33690614596017,bicycling
Amazon Corporate Headquarters,47.62273719968499,-122.3367529935981,Museum of History & Industry (MOHAI),47.62757702542345,-122.33690614596017,transit
Amazon Corporate Headquarters,47.62273719968499,-122.3367529935981,Beneath the Streets,47.60284106968942,-122.33409819881801,driving
Amazon Corporate Headquarters,47.62273719968499,-122.3367529935981,Beneath the Streets,47.60284106968942,-122.33409819881801,walking
Amazon Corporate Headquarters,47.62273719968499,-122.3367529935981,Beneath the Streets,47.60284106968942,-122.33409819881801,bicycling
Amazon Corporate Headquarters,47.62273719968499,-122.3367529935981,Beneath the Streets,47.60284106968942,-122.33409819881801,transit
Amazon Corporate Headquarters,47.62273719968499,-122.3367529935981,National Nordic Museum,47.66841217081013,-122.39252014983086,driving
Amazon Corporate Headquarters,47.62273719968499,-122.3367529935981,National Nordic Museum,47.66841217081013,-122.39252014983086,walking
Amazon Corporate Headquarters,47.62273719968499,-122.3367529935981,National Nordic Museum,47.66841217081013,-122.39252014983086,bicycling
Amazon Corporate Headquarters,47.62273719968499,-122.3367529935981,National Nordic Museum,47.66841217081013,-122.39252014983086,transit
Amazon Corporate Headquarters,47.62273719968499,-122.3367529935981,Original Selfie Museum | Seattle,47.60778846750169,-122.33979304776203,driving
Amazon Corporate Headquarters,47.62273719968499,-122.3367529935981,Original Selfie Museum | Seattle,47.60778846750169,-122.33979304776203,walking
Amazon Corporate Headquarters,47.62273719968499,-122.3367529935981,Original Selfie Museum | Seattle,47.60778846750169,-122.33979304776203,bicycling
Amazon Corporate Headquarters,47.62273719968499,-122.3367529935981,Original Selfie Museum | Seattle,47.60778846750169,-122.33979304776203,transit
Amazon Corporate Headquarters,47.62273719968499,-122.3367529935981,Magnolia Park,47.634493480202096,-122.39806147729807,driving
Amazon Corporate Headquarters,47.62273719968499,-122.3367529935981,Magnolia Park,47.634493480202096,-122.39806147729807,walking
Amazon Corporate Headquarters,47.62273719968499,-122.3367529935981,Magnolia Park,47.634493480202096,-122.39806147729807,bicycling
Amazon Corporate Headquarters,47.62273719968499,-122.3367529935981,Magnolia Park,47.634493480202096,-122.39806147729807,transit
Amazon Corporate Headquarters,47.62273719968499,-122.3367529935981,Washington Park Arboretum,47.63640770272295,-122.2958249287132,driving
Amazon Corporate Headquarters,47.62273719968499,-122.3367529935981,Washington Park Arboretum,47.63640770272295,-122.2958249287132,walking
Amazon Corporate Headquarters,47.62273719968499,-122.3367529935981,Washington Park Arboretum,47.63640770272295,-122.2958249287132,bicycling
Amazon Corporate Headquarters,47.62273719968499,-122.3367529935981,Washington Park Arboretum,47.63640770272295,-122.2958249287132,transit
Amazon Corporate Headquarters,47.62273719968499,-122.3367529935981,Alki Beach Park,47.58018301977956,-122.40849487681072,driving
Amazon Corporate Headquarters,47.62273719968499,-122.3367529935981,Alki Beach Park,47.58018301977956,-122.40849487681072,walking
Amazon Corporate Headquarters,47.62273719968499,-122.3367529935981,Alki Beach Park,47.58018301977956,-122.40849487681072,bicycling
Amazon Corporate Headquarters,47.62273719968499,-122.3367529935981,Alki Beach Park,47.58018301977956,-122.40849487681072,transit
Amazon Corporate Headquarters,47.62273719968499,-122.3367529935981,Gas Works Park,47.64562277252068,-122.33436095731012,driving
Amazon Corporate Headquarters,47.62273719968499,-122.3367529935981,Gas Works Park,47.64562277252068,-122.33436095731012,walking
Amazon Corporate Headquarters,47.62273719968499,-122.3367529935981,Gas Works Park,47.64562277252068,-122.33436095731012,bicycling
Amazon Corporate Headquarters,47.62273719968499,-122.3367529935981,Gas Works Park,47.64562277252068,-122.33436095731012,transit
Amazon Corporate Headquarters,47.62273719968499,-122.3367529935981,Broadmoor Golf Club,47.64031319564501,-122.2915176257205,driving
Amazon Corporate Headquarters,47.62273719968499,-122.3367529935981,Broadmoor Golf Club,47.64031319564501,-122.2915176257205,walking
Amazon Corporate Headquarters,47.62273719968499,-122.3367529935981,Broadmoor Golf Club,47.64031319564501,-122.2915176257205,bicycling
Amazon Corporate Headquarters,47.62273719968499,-122.3367529935981,Broadmoor Golf Club,47.64031319564501,-122.2915176257205,transit
Amazon Corporate Headquarters,47.62273719968499,-122.3367529935981,Luther Burbank Park,47.591172896963286,-122.2256759261922,driving
Amazon Corporate Headquarters,47.62273719968499,-122.3367529935981,Luther Burbank Park,47.591172896963286,-122.2256759261922,walking
Amazon Corporate Headquarters,47.62273719968499,-122.3367529935981,Luther Burbank Park,47.591172896963286,-122.2256759261922,bicycling
Amazon Corporate Headquarters,47.62273719968499,-122.3367529935981,Luther Burbank Park,47.591172896963286,-122.2256759261922,transit
Amazon Corporate Headquarters,47.62273719968499,-122.3367529935981,Mercerdale Park,47.581023027824706,-122.23493686187616,driving
Amazon Corporate Headquarters,47.62273719968499,-122.3367529935981,Mercerdale Park,47.581023027824706,-122.23493686187616,walking
Amazon Corporate Headquarters,47.62273719968499,-122.3367529935981,Mercerdale Park,47.581023027824706,-122.23493686187616,bicycling
Amazon Corporate Headquarters,47.62273719968499,-122.3367529935981,Mercerdale Park,47.581023027824706,-122.23493686187616,transit
Amazon Corporate Headquarters,47.62273719968499,-122.3367529935981,Aubrey Davis Park,47.592027989640826,-122.2445184023096,driving
Amazon Corporate Headquarters,47.62273719968499,-122.3367529935981,Aubrey Davis Park,47.592027989640826,-122.2445184023096,walking
Amazon Corporate Headquarters,47.62273719968499,-122.3367529935981,Aubrey Davis Park,47.592027989640826,-122.2445184023096,bicycling
Amazon Corporate Headquarters,47.62273719968499,-122.3367529935981,Aubrey Davis Park,47.592027989640826,-122.2445184023096,transit
Amazon Corporate Headquarters,47.62273719968499,-122.3367529935981,Island Crest Park,47.550388156898364,-122.22362827521079,driving
Amazon Corporate Headquarters,47.62273719968499,-122.3367529935981,Island Crest Park,47.550388156898364,-122.22362827521079,walking
Amazon Corporate Headquarters,47.62273719968499,-122.3367529935981,Island Crest Park,47.550388156898364,-122.22362827521079,bicycling
Amazon Corporate Headquarters,47.62273719968499,-122.3367529935981,Island Crest Park,47.550388156898364,-122.22362827521079,transit
Amazon Corporate Headquarters,47.62273719968499,-122.3367529935981,Bellevue Botanical Garden,47.60914545234495,-122.17883301309043,driving
Amazon Corporate Headquarters,47.62273719968499,-122.3367529935981,Bellevue Botanical Garden,47.60914545234495,-122.17883301309043,walking
Amazon Corporate Headquarters,47.62273719968499,-122.3367529935981,Bellevue Botanical Garden,47.60914545234495,-122.17883301309043,bicycling
Amazon Corporate Headquarters,47.62273719968499,-122.3367529935981,Bellevue Botanical Garden,47.60914545234495,-122.17883301309043,transit
Amazon Corporate Headquarters,47.62273719968499,-122.3367529935981,Chism Beach Park,47.59991928985571,-122.21078492396391,driving
Amazon Corporate Headquarters,47.62273719968499,-122.3367529935981,Chism Beach Park,47.59991928985571,-122.21078492396391,walking
Amazon Corporate Headquarters,47.62273719968499,-122.3367529935981,Chism Beach Park,47.59991928985571,-122.21078492396391,bicycling
Amazon Corporate Headquarters,47.62273719968499,-122.3367529935981,Chism Beach Park,47.59991928985571,-122.21078492396391,transit
Amazon Corporate Headquarters,47.62273719968499,-122.3367529935981,Bellevue Square,47.615716537757315,-122.20373360798301,driving
Amazon Corporate Headquarters,47.62273719968499,-122.3367529935981,Bellevue Square,47.615716537757315,-122.20373360798301,walking
Amazon Corporate Headquarters,47.62273719968499,-122.3367529935981,Bellevue Square,47.615716537757315,-122.20373360798301,bicycling
Amazon Corporate Headquarters,47.62273719968499,-122.3367529935981,Bellevue Square,47.615716537757315,-122.20373360798301,transit
Amazon Corporate Headquarters,47.62273719968499,-122.3367529935981,KidsQuest Children's Museum,47.620827472990946,-122.19594728787486,driving
Amazon Corporate Headquarters,47.62273719968499,-122.3367529935981,KidsQuest Children's Museum,47.620827472990946,-122.19594728787486,walking
Amazon Corporate Headquarters,47.62273719968499,-122.3367529935981,KidsQuest Children's Museum,47.620827472990946,-122.19594728787486,bicycling
Amazon Corporate Headquarters,47.62273719968499,-122.3367529935981,KidsQuest Children's Museum,47.620827472990946,-122.19594728787486,transit
Amazon Corporate Headquarters,47.62273719968499,-122.3367529935981,Newcastle Beach Park,47.56581084639867,-122.19010728686807,driving
Amazon Corporate Headquarters,47.62273719968499,-122.3367529935981,Newcastle Beach Park,47.56581084639867,-122.19010728686807,walking
Amazon Corporate Headquarters,47.62273719968499,-122.3367529935981,Newcastle Beach Park,47.56581084639867,-122.19010728686807,bicycling
Amazon Corporate Headquarters,47.62273719968499,-122.3367529935981,Newcastle Beach Park,47.56581084639867,-122.19010728686807,transit
Amazon Corporate Headquarters,47.62273719968499,-122.3367529935981,Vasa Park Resort,47.57727261132693,-122.11251309565677,driving
Amazon Corporate Headquarters,47.62273719968499,-122.3367529935981,Vasa Park Resort,47.57727261132693,-122.11251309565677,walking
Amazon Corporate Headquarters,47.62273719968499,-122.3367529935981,Vasa Park Resort,47.57727261132693,-122.11251309565677,bicycling
Amazon Corporate Headquarters,47.62273719968499,-122.3367529935981,Vasa Park Resort,47.57727261132693,-122.11251309565677,transit
Amazon Corporate Headquarters,47.62273719968499,-122.3367529935981,Coal Creek Natural Area,47.55406110739545,-122.16637792110414,driving
Amazon Corporate Headquarters,47.62273719968499,-122.3367529935981,Coal Creek Natural Area,47.55406110739545,-122.16637792110414,walking
Amazon Corporate Headquarters,47.62273719968499,-122.3367529935981,Coal Creek Natural Area,47.55406110739545,-122.16637792110414,bicycling
Amazon Corporate Headquarters,47.62273719968499,-122.3367529935981,Coal Creek Natural Area,47.55406110739545,-122.16637792110414,transit
Amazon Corporate Headquarters,47.62273719968499,-122.3367529935981,Lumen Field,47.595050883007005,-122.3316718890206,driving
Amazon Corporate Headquarters,47.62273719968499,-122.3367529935981,Lumen Field,47.595050883007005,-122.3316718890206,walking
Amazon Corporate Headquarters,47.62273719968499,-122.3367529935981,Lumen Field,47.595050883007005,-122.3316718890206,bicycling
Amazon Corporate Headquarters,47.62273719968499,-122.3367529935981,Lumen Field,47.595050883007005,-122.3316718890206,transit
Amazon Corporate Headquarters,47.62273719968499,-122.3367529935981,T-Mobile Park,47.59146256859391,-122.33264630296841,driving
Amazon Corporate Headquarters,47.62273719968499,-122.3367529935981,T-Mobile Park,47.59146256859391,-122.33264630296841,walking
Amazon Corporate Headquarters,47.62273719968499,-122.3367529935981,T-Mobile Park,47.59146256859391,-122.33264630296841,bicycling
Amazon Corporate Headquarters,47.62273719968499,-122.3367529935981,T-Mobile Park,47.59146256859391,-122.33264630296841,transit
Amazon Corporate Headquarters,47.62273719968499,-122.3367529935981,Seattle–Tacoma International Airport,47.448302886749694,-122.3086333658404,driving
Amazon Corporate Headquarters,47.62273719968499,-122.3367529935981,Seattle–Tacoma International Airport,47.448302886749694,-122.3086333658404,walking
Amazon Corporate Headquarters,47.62273719968499,-122.3367529935981,Seattle–Tacoma International Airport,47.448302886749694,-122.3086333658404,bicycling
Amazon Corporate Headquarters,47.62273719968499,-122.3367529935981,Seattle–Tacoma International Airport,47.448302886749694,-122.3086333658404,transit
Amazon Corporate Headquarters,47.62273719968499,-122.3367529935981,"The Museum of Flight",47.51852230711216,-122.29685458638421,driving
Amazon Corporate Headquarters,47.62273719968499,-122.3367529935981,"The Museum of Flight",47.51852230711216,-122.29685458638421,walking
Amazon Corporate Headquarters,47.62273719968499,-122.3367529935981,"The Museum of Flight",47.51852230711216,-122.29685458638421,bicycling
Amazon Corporate Headquarters,47.62273719968499,-122.3367529935981,"The Museum of Flight",47.51852230711216,-122.29685458638421,transit
Amazon Corporate Headquarters,47.62273719968499,-122.3367529935981,Burke Museum of Natural History and Culture,47.66041766926138,-122.31155621097038,driving
Amazon Corporate Headquarters,47.62273719968499,-122.3367529935981,Burke Museum of Natural History and Culture,47.66041766926138,-122.31155621097038,walking
Amazon Corporate Headquarters,47.62273719968499,-122.3367529935981,Burke Museum of Natural History and Culture,47.66041766926138,-122.31155621097038,bicycling
Amazon Corporate Headquarters,47.62273719968499,-122.3367529935981,Burke Museum of Natural History and Culture,47.66041766926138,-122.31155621097038,transit
Amazon Corporate Headquarters,47.62273719968499,-122.3367529935981,Spooked In Seattle Ghost Tours,47.60154512603708,-122.33344299096176,driving
Amazon Corporate Headquarters,47.62273719968499,-122.3367529935981,Spooked In Seattle Ghost Tours,47.60154512603708,-122.33344299096176,walking
Amazon Corporate Headquarters,47.62273719968499,-122.3367529935981,Spooked In Seattle Ghost Tours,47.60154512603708,-122.33344299096176,bicycling
Amazon Corporate Headquarters,47.62273719968499,-122.3367529935981,Spooked In Seattle Ghost Tours,47.60154512603708,-122.33344299096176,transit
Amazon Corporate Headquarters,47.62273719968499,-122.3367529935981,Embassy Suites by Hilton Seattle Downtown Pioneer Square,47.598077316587656,-122.33093484220281,driving
Amazon Corporate Headquarters,47.62273719968499,-122.3367529935981,Embassy Suites by Hilton Seattle Downtown Pioneer Square,47.598077316587656,-122.33093484220281,walking
Amazon Corporate Headquarters,47.62273719968499,-122.3367529935981,Embassy Suites by Hilton Seattle Downtown Pioneer Square,47.598077316587656,-122.33093484220281,bicycling
Amazon Corporate Headquarters,47.62273719968499,-122.3367529935981,Embassy Suites by Hilton Seattle Downtown Pioneer Square,47.598077316587656,-122.33093484220281,transit
Amazon Corporate Headquarters,47.62273719968499,-122.3367529935981,Best Western Plus Pioneer Square Hotel Downtown,47.60155451105155,-122.33530747715788,driving
Amazon Corporate Headquarters,47.62273719968499,-122.3367529935981,Best Western Plus Pioneer Square Hotel Downtown,47.60155451105155,-122.33530747715788,walking
Amazon Corporate Headquarters,47.62273719968499,-122.3367529935981,Best Western Plus Pioneer Square Hotel Downtown,47.60155451105155,-122.33530747715788,bicycling
Amazon Corporate Headquarters,47.62273719968499,-122.3367529935981,Best Western Plus Pioneer Square Hotel Downtown,47.60155451105155,-122.33530747715788,transit
Amazon Corporate Headquarters,47.62273719968499,-122.3367529935981,Sonder RailSpur Apartments Pioneer Square,47.598610725936354,-122.33350489820695,driving
Amazon Corporate Headquarters,47.62273719968499,-122.3367529935981,Sonder RailSpur Apartments Pioneer Square,47.598610725936354,-122.33350489820695,walking
Amazon Corporate Headquarters,47.62273719968499,-122.3367529935981,Sonder RailSpur Apartments Pioneer Square,47.598610725936354,-122.33350489820695,bicycling
Amazon Corporate Headquarters,47.62273719968499,-122.3367529935981,Sonder RailSpur Apartments Pioneer Square,47.598610725936354,-122.33350489820695,transit
Amazon Corporate Headquarters,47.62273719968499,-122.3367529935981,Silver Cloud Hotel - Seattle Stadium,47.592565806580176,-122.33370726727544,driving
Amazon Corporate Headquarters,47.62273719968499,-122.3367529935981,Silver Cloud Hotel - Seattle Stadium,47.592565806580176,-122.33370726727544,walking
Amazon Corporate Headquarters,47.62273719968499,-122.3367529935981,Silver Cloud Hotel - Seattle Stadium,47.592565806580176,-122.33370726727544,bicycling
Amazon Corporate Headquarters,47.62273719968499,-122.3367529935981,Silver Cloud Hotel - Seattle Stadium,47.592565806580176,-122.33370726727544,transit
Amazon Corporate Headquarters,47.62273719968499,-122.3367529935981,Silver Cloud Hotel - Seattle Lake Union,47.62969938553836,-122.32905153898625,driving
Amazon Corporate Headquarters,47.62273719968499,-122.3367529935981,Silver Cloud Hotel - Seattle Lake Union,47.62969938553836,-122.32905153898625,walking
Amazon Corporate Headquarters,47.62273719968499,-122.3367529935981,Silver Cloud Hotel - Seattle Lake Union,47.62969938553836,-122.32905153898625,bicycling
Amazon Corporate Headquarters,47.62273719968499,-122.3367529935981,Silver Cloud Hotel - Seattle Lake Union,47.62969938553836,-122.32905153898625,transit
Amazon Corporate Headquarters,47.62273719968499,-122.3367529935981,Roanoke Park,47.643558850599135,-122.3202791177817,driving
Amazon Corporate Headquarters,47.62273719968499,-122.3367529935981,Roanoke Park,47.643558850599135,-122.3202791177817,walking
Amazon Corporate Headquarters,47.62273719968499,-122.3367529935981,Roanoke Park,47.643558850599135,-122.3202791177817,bicycling
Amazon Corporate Headquarters,47.62273719968499,-122.3367529935981,Roanoke Park,47.643558850599135,-122.3202791177817,transit
Amazon Corporate Headquarters,47.62273719968499,-122.3367529935981,Matthews Beach Park,47.69650285365008,-122.27397620570629,driving
Amazon Corporate Headquarters,47.62273719968499,-122.3367529935981,Matthews Beach Park,47.69650285365008,-122.27397620570629,walking
Amazon Corporate Headquarters,47.62273719968499,-122.3367529935981,Matthews Beach Park,47.69650285365008,-122.27397620570629,bicycling
Amazon Corporate Headquarters,47.62273719968499,-122.3367529935981,Matthews Beach Park,47.69650285365008,-122.27397620570629,transit
Amazon Corporate Headquarters,47.62273719968499,-122.3367529935981,Juanita Beach Park,47.70461277246282,-122.21481027193994,driving
Amazon Corporate Headquarters,47.62273719968499,-122.3367529935981,Juanita Beach Park,47.70461277246282,-122.21481027193994,walking
Amazon Corporate Headquarters,47.62273719968499,-122.3367529935981,Juanita Beach Park,47.70461277246282,-122.21481027193994,bicycling
Amazon Corporate Headquarters,47.62273719968499,-122.3367529935981,Juanita Beach Park,47.70461277246282,-122.21481027193994,transit
Amazon Corporate Headquarters,47.62273719968499,-122.3367529935981,Saint Edward State Park,47.73122571465104,-122.25507941278875,driving
Amazon Corporate Headquarters,47.62273719968499,-122.3367529935981,Saint Edward State Park,47.73122571465104,-122.25507941278875,walking
Amazon Corporate Headquarters,47.62273719968499,-122.3367529935981,Saint Edward State Park,47.73122571465104,-122.25507941278875,bicycling
Amazon Corporate Headquarters,47.62273719968499,-122.3367529935981,Saint Edward State Park,47.73122571465104,-122.25507941278875,transit
Amazon Corporate Headquarters,47.62273719968499,-122.3367529935981,Arena Sports Redmond,47.68376903917686,-122.14252351825616,driving
Amazon Corporate Headquarters,47.62273719968499,-122.3367529935981,Arena Sports Redmond,47.68376903917686,-122.14252351825616,walking
Amazon Corporate Headquarters,47.62273719968499,-122.3367529935981,Arena Sports Redmond,47.68376903917686,-122.14252351825616,bicycling
Amazon Corporate Headquarters,47.62273719968499,-122.3367529935981,Arena Sports Redmond,47.68376903917686,-122.14252351825616,transit
Amazon Corporate Headquarters,47.62273719968499,-122.3367529935981,Hyatt Regency Lake Washington at Seattle's Southport,47.50275176983241,-122.20492999436894,driving
Amazon Corporate Headquarters,47.62273719968499,-122.3367529935981,Hyatt Regency Lake Washington at Seattle's Southport,47.50275176983241,-122.20492999436894,walking
Amazon Corporate Headquarters,47.62273719968499,-122.3367529935981,Hyatt Regency Lake Washington at Seattle's Southport,47.50275176983241,-122.20492999436894,bicycling
Amazon Corporate Headquarters,47.62273719968499,-122.3367529935981,Hyatt Regency Lake Washington at Seattle's Southport,47.50275176983241,-122.20492999436894,transit
Amazon Corporate Headquarters,47.62273719968499,-122.3367529935981,Sky Zone Trampoline Park,47.45157131064491,-122.25209117085873,driving
Amazon Corporate Headquarters,47.62273719968499,-122.3367529935981,Sky Zone Trampoline Park,47.45157131064491,-122.25209117085873,walking
Amazon Corporate Headquarters,47.62273719968499,-122.3367529935981,Sky Zone Trampoline Park,47.45157131064491,-122.25209117085873,bicycling
Amazon Corporate Headquarters,47.62273719968499,-122.3367529935981,Sky Zone Trampoline Park,47.45157131064491,-122.25209117085873,transit
Amazon Corporate Headquarters,47.62273719968499,-122.3367529935981,iFLY Indoor Skydiving - Seattle,47.46114190968638,-122.25271517875674,driving
Amazon Corporate Headquarters,47.62273719968499,-122.3367529935981,iFLY Indoor Skydiving - Seattle,47.46114190968638,-122.25271517875674,walking
Amazon Corporate Headquarters,47.62273719968499,-122.3367529935981,iFLY Indoor Skydiving - Seattle,47.46114190968638,-122.25271517875674,bicycling
Amazon Corporate Headquarters,47.62273719968499,-122.3367529935981,iFLY Indoor Skydiving - Seattle,47.46114190968638,-122.25271517875674,transit
Amazon Corporate Headquarters,47.62273719968499,-122.3367529935981,Starfire Sports,47.47001944176469,-122.24941096374927,driving
Amazon Corporate Headquarters,47.62273719968499,-122.3367529935981,Starfire Sports,47.47001944176469,-122.24941096374927,walking
Amazon Corporate Headquarters,47.62273719968499,-122.3367529935981,Starfire Sports,47.47001944176469,-122.24941096374927,bicycling
Amazon Corporate Headquarters,47.62273719968499,-122.3367529935981,Starfire Sports,47.47001944176469,-122.24941096374927,transit
Amazon Corporate Headquarters,47.62273719968499,-122.3367529935981,Lynnwood City Center Station - Light rail station,47.81563114306697,-122.29482461527935,driving
Amazon Corporate Headquarters,47.62273719968499,-122.3367529935981,Lynnwood City Center Station - Light rail station,47.81563114306697,-122.29482461527935,walking
Amazon Corporate Headquarters,47.62273719968499,-122.3367529935981,Lynnwood City Center Station - Light rail station,47.81563114306697,-122.29482461527935,bicycling
Amazon Corporate Headquarters,47.62273719968499,-122.3367529935981,Lynnwood City Center Station - Light rail station,47.81563114306697,-122.29482461527935,transit
Amazon Corporate Headquarters,47.62273719968499,-122.3367529935981,Mountlake Terrace Station - Light rail station,47.78504618330906,-122.31478927811604,driving
Amazon Corporate Headquarters,47.62273719968499,-122.3367529935981,Mountlake Terrace Station - Light rail station,47.78504618330906,-122.31478927811604,walking
Amazon Corporate Headquarters,47.62273719968499,-122.3367529935981,Mountlake Terrace Station - Light rail station,47.78504618330906,-122.31478927811604,bicycling
Amazon Corporate Headquarters,47.62273719968499,-122.3367529935981,Mountlake Terrace Station - Light rail station,47.78504618330906,-122.31478927811604,transit
Amazon Corporate Headquarters,47.62273719968499,-122.3367529935981,Shoreline North/185th Station - Light rail station,47.76405775641447,-122.32289794617179,driving
Amazon Corporate Headquarters,47.62273719968499,-122.3367529935981,Shoreline North/185th Station - Light rail station,47.76405775641447,-122.32289794617179,walking
Amazon Corporate Headquarters,47.62273719968499,-122.3367529935981,Shoreline North/185th Station - Light rail station,47.76405775641447,-122.32289794617179,bicycling
Amazon Corporate Headquarters,47.62273719968499,-122.3367529935981,Shoreline North/185th Station - Light rail station,47.76405775641447,-122.32289794617179,transit
Amazon Corporate Headquarters,47.62273719968499,-122.3367529935981,Shoreline South/148th Station - Light rail station,47.73609123674782,-122.32524360332111,driving
Amazon Corporate Headquarters,47.62273719968499,-122.3367529935981,Shoreline South/148th Station - Light rail station,47.73609123674782,-122.32524360332111,walking
Amazon Corporate Headquarters,47.62273719968499,-122.3367529935981,Shoreline South/148th Station - Light rail station,47.73609123674782,-122.32524360332111,bicycling
Amazon Corporate Headquarters,47.62273719968499,-122.3367529935981,Shoreline South/148th Station - Light rail station,47.73609123674782,-122.32524360332111,transit
Amazon Corporate Headquarters,47.62273719968499,-122.3367529935981,Northgate Station - light rail station,47.703005155662204,-122.328330294838,driving
Amazon Corporate Headquarters,47.62273719968499,-122.3367529935981,Northgate Station - light rail station,47.703005155662204,-122.328330294838,walking
Amazon Corporate Headquarters,47.62273719968499,-122.3367529935981,Northgate Station - light rail station,47.703005155662204,-122.328330294838,bicycling
Amazon Corporate Headquarters,47.62273719968499,-122.3367529935981,Northgate Station - light rail station,47.703005155662204,-122.328330294838,transit
Amazon Corporate Headquarters,47.62273719968499,-122.3367529935981,Roosevelt Station - light rail station,47.676085552861196,-122.31600512143781,driving
Amazon Corporate Headquarters,47.62273719968499,-122.3367529935981,Roosevelt Station - light rail station,47.676085552861196,-122.31600512143781,walking
Amazon Corporate Headquarters,47.62273719968499,-122.3367529935981,Roosevelt Station - light rail station,47.676085552861196,-122.31600512143781,bicycling
Amazon Corporate Headquarters,47.62273719968499,-122.3367529935981,Roosevelt Station - light rail station,47.676085552861196,-122.31600512143781,transit
Amazon Corporate Headquarters,47.62273719968499,-122.3367529935981,U District Station - light rail station,47.6599735494618,-122.31407798225337,driving
Amazon Corporate Headquarters,47.62273719968499,-122.3367529935981,U District Station - light rail station,47.6599735494618,-122.31407798225337,walking
Amazon Corporate Headquarters,47.62273719968499,-122.3367529935981,U District Station - light rail station,47.6599735494618,-122.31407798225337,bicycling
Amazon Corporate Headquarters,47.62273719968499,-122.3367529935981,U District Station - light rail station,47.6599735494618,-122.31407798225337,transit
Amazon Corporate Headquarters,47.62273719968499,-122.3367529935981,"University of Washington Station
- light rail station",47.65027972126398,-122.30374414254722,driving
Amazon Corporate Headquarters,47.62273719968499,-122.3367529935981,"University of Washington Station
- light rail station",47.65027972126398,-122.30374414254722,walking
Amazon Corporate Headquarters,47.62273719968499,-122.3367529935981,"University of Washington Station
- light rail station",47.65027972126398,-122.30374414254722,bicycling
Amazon Corporate Headquarters,47.62273719968499,-122.3367529935981,"University of Washington Station
- light rail station",47.65027972126398,-122.30374414254722,transit
Amazon Corporate Headquarters,47.62273719968499,-122.3367529935981,Capitol Hill Station - light rail station,47.619755979512334,-122.32061042657767,driving
Amazon Corporate Headquarters,47.62273719968499,-122.3367529935981,Capitol Hill Station - light rail station,47.619755979512334,-122.32061042657767,walking
Amazon Corporate Headquarters,47.62273719968499,-122.3367529935981,Capitol Hill Station - light rail station,47.619755979512334,-122.32061042657767,bicycling
Amazon Corporate Headquarters,47.62273719968499,-122.3367529935981,Capitol Hill Station - light rail station,47.619755979512334,-122.32061042657767,transit
Amazon Corporate Headquarters,47.62273719968499,-122.3367529935981,Westlake Station - light rail station,47.61175694210985,-122.3365386185384,driving
Amazon Corporate Headquarters,47.62273719968499,-122.3367529935981,Westlake Station - light rail station,47.61175694210985,-122.3365386185384,walking
Amazon Corporate Headquarters,47.62273719968499,-122.3367529935981,Westlake Station - light rail station,47.61175694210985,-122.3365386185384,bicycling
Amazon Corporate Headquarters,47.62273719968499,-122.3367529935981,Westlake Station - light rail station,47.61175694210985,-122.3365386185384,transit
Amazon Corporate Headquarters,47.62273719968499,-122.3367529935981,Symphony Station - light rail station,47.607796255776215,-122.33604961270477,driving
Amazon Corporate Headquarters,47.62273719968499,-122.3367529935981,Symphony Station - light rail station,47.607796255776215,-122.33604961270477,walking
Amazon Corporate Headquarters,47.62273719968499,-122.3367529935981,Symphony Station - light rail station,47.607796255776215,-122.33604961270477,bicycling
Amazon Corporate Headquarters,47.62273719968499,-122.3367529935981,Symphony Station - light rail station,47.607796255776215,-122.33604961270477,transit
Amazon Corporate Headquarters,47.62273719968499,-122.3367529935981,Pioneer Square Station - light rail station,47.601933279060574,-122.33099575824787,driving
Amazon Corporate Headquarters,47.62273719968499,-122.3367529935981,Pioneer Square Station - light rail station,47.601933279060574,-122.33099575824787,walking
Amazon Corporate Headquarters,47.62273719968499,-122.3367529935981,Pioneer Square Station - light rail station,47.601933279060574,-122.33099575824787,bicycling
Amazon Corporate Headquarters,47.62273719968499,-122.3367529935981,Pioneer Square Station - light rail station,47.601933279060574,-122.33099575824787,transit
Amazon Corporate Headquarters,47.62273719968499,-122.3367529935981,International District/Chinatown Station - light rail station,47.59835834310235,-122.328023768465,driving
Amazon Corporate Headquarters,47.62273719968499,-122.3367529935981,International District/Chinatown Station - light rail station,47.59835834310235,-122.328023768465,walking
Amazon Corporate Headquarters,47.62273719968499,-122.3367529935981,International District/Chinatown Station - light rail station,47.59835834310235,-122.328023768465,bicycling
Amazon Corporate Headquarters,47.62273719968499,-122.3367529935981,International District/Chinatown Station - light rail station,47.59835834310235,-122.328023768465,transit
Amazon Corporate Headquarters,47.62273719968499,-122.3367529935981,Stadium Station - light rail station,47.5910983090856,-122.32716996229979,driving
Amazon Corporate Headquarters,47.62273719968499,-122.3367529935981,Stadium Station - light rail station,47.5910983090856,-122.32716996229979,walking
Amazon Corporate Headquarters,47.62273719968499,-122.3367529935981,Stadium Station - light rail station,47.5910983090856,-122.32716996229979,bicycling
Amazon Corporate Headquarters,47.62273719968499,-122.3367529935981,Stadium Station - light rail station,47.5910983090856,-122.32716996229979,transit
Amazon Corporate Headquarters,47.62273719968499,-122.3367529935981,SODO Station - light rail station,47.581165192600594,-122.32736238031688,driving
Amazon Corporate Headquarters,47.62273719968499,-122.3367529935981,SODO Station - light rail station,47.581165192600594,-122.32736238031688,walking
Amazon Corporate Headquarters,47.62273719968499,-122.3367529935981,SODO Station - light rail station,47.581165192600594,-122.32736238031688,bicycling
Amazon Corporate Headquarters,47.62273719968499,-122.3367529935981,SODO Station - light rail station,47.581165192600594,-122.32736238031688,transit
Amazon Corporate Headquarters,47.62273719968499,-122.3367529935981,Beacon Hill Station - light rail station,47.57926798518594,-122.31172740892907,driving
Amazon Corporate Headquarters,47.62273719968499,-122.3367529935981,Beacon Hill Station - light rail station,47.57926798518594,-122.31172740892907,walking
Amazon Corporate Headquarters,47.62273719968499,-122.3367529935981,Beacon Hill Station - light rail station,47.57926798518594,-122.31172740892907,bicycling
Amazon Corporate Headquarters,47.62273719968499,-122.3367529935981,Beacon Hill Station - light rail station,47.57926798518594,-122.31172740892907,transit
Amazon Corporate Headquarters,47.62273719968499,-122.3367529935981,Mount Baker Station - light rail station,47.57654481956372,-122.29770464239569,driving
Amazon Corporate Headquarters,47.62273719968499,-122.3367529935981,Mount Baker Station - light rail station,47.57654481956372,-122.29770464239569,walking
Amazon Corporate Headquarters,47.62273719968499,-122.3367529935981,Mount Baker Station - light rail station,47.57654481956372,-122.29770464239569,bicycling
Amazon Corporate Headquarters,47.62273719968499,-122.3367529935981,Mount Baker Station - light rail station,47.57654481956372,-122.29770464239569,transit
Amazon Corporate Headquarters,47.62273719968499,-122.3367529935981,"Columbia City Station - light rail station
",47.55974233697859,-122.29270350276938,driving
Amazon Corporate Headquarters,47.62273719968499,-122.3367529935981,"Columbia City Station - light rail station
",47.55974233697859,-122.29270350276938,walking
Amazon Corporate Headquarters,47.62273719968499,-122.3367529935981,"Columbia City Station - light rail station
",47.55974233697859,-122.29270350276938,bicycling
Amazon Corporate Headquarters,47.62273719968499,-122.3367529935981,"Columbia City Station - light rail station
",47.55974233697859,-122.29270350276938,transit
Amazon Corporate Headquarters,47.62273719968499,-122.3367529935981,Othello Station - light rail station,47.53804878482412,-122.28156731989645,driving
Amazon Corporate Headquarters,47.62273719968499,-122.3367529935981,Othello Station - light rail station,47.53804878482412,-122.28156731989645,walking
Amazon Corporate Headquarters,47.62273719968499,-122.3367529935981,Othello Station - light rail station,47.53804878482412,-122.28156731989645,bicycling
Amazon Corporate Headquarters,47.62273719968499,-122.3367529935981,Othello Station - light rail station,47.53804878482412,-122.28156731989645,transit
Amazon Corporate Headquarters,47.62273719968499,-122.3367529935981,Rainier Beach Station - light rail station,47.522396901556036,-122.27943315962737,driving
Amazon Corporate Headquarters,47.62273719968499,-122.3367529935981,Rainier Beach Station - light rail station,47.522396901556036,-122.27943315962737,walking
Amazon Corporate Headquarters,47.62273719968499,-122.3367529935981,Rainier Beach Station - light rail station,47.522396901556036,-122.27943315962737,bicycling
Amazon Corporate Headquarters,47.62273719968499,-122.3367529935981,Rainier Beach Station - light rail station,47.522396901556036,-122.27943315962737,transit
Amazon Corporate Headquarters,47.62273719968499,-122.3367529935981,Tukwila Int'l Blvd Station - light rail station,47.46407137298934,-122.28825649055644,driving
Amazon Corporate Headquarters,47.62273719968499,-122.3367529935981,Tukwila Int'l Blvd Station - light rail station,47.46407137298934,-122.28825649055644,walking
Amazon Corporate Headquarters,47.62273719968499,-122.3367529935981,Tukwila Int'l Blvd Station - light rail station,47.46407137298934,-122.28825649055644,bicycling
Amazon Corporate Headquarters,47.62273719968499,-122.3367529935981,Tukwila Int'l Blvd Station - light rail station,47.46407137298934,-122.28825649055644,transit
Amazon Corporate Headquarters,47.62273719968499,-122.3367529935981,SeaTac/Airport Station - light rail station,47.44534852757398,-122.29689677665228,driving
Amazon Corporate Headquarters,47.62273719968499,-122.3367529935981,SeaTac/Airport Station - light rail station,47.44534852757398,-122.29689677665228,walking
Amazon Corporate Headquarters,47.62273719968499,-122.3367529935981,SeaTac/Airport Station - light rail station,47.44534852757398,-122.29689677665228,bicycling
Amazon Corporate Headquarters,47.62273719968499,-122.3367529935981,SeaTac/Airport Station - light rail station,47.44534852757398,-122.29689677665228,transit
Amazon Corporate Headquarters,47.62273719968499,-122.3367529935981,Angle Lake Station - light rail station,47.42298823895366,-122.29787955276633,driving
Amazon Corporate Headquarters,47.62273719968499,-122.3367529935981,Angle Lake Station - light rail station,47.42298823895366,-122.29787955276633,walking
Amazon Corporate Headquarters,47.62273719968499,-122.3367529935981,Angle Lake Station - light rail station,47.42298823895366,-122.29787955276633,bicycling
Amazon Corporate Headquarters,47.62273719968499,-122.3367529935981,Angle Lake Station - light rail station,47.42298823895366,-122.29787955276633,transit
Amazon Corporate Headquarters,47.62273719968499,-122.3367529935981,Downtown Redmond Station - suburban train line,47.67165114274571,-122.11850183695448,driving
Amazon Corporate Headquarters,47.62273719968499,-122.3367529935981,Downtown Redmond Station - suburban train line,47.67165114274571,-122.11850183695448,walking
Amazon Corporate Headquarters,47.62273719968499,-122.3367529935981,Downtown Redmond Station - suburban train line,47.67165114274571,-122.11850183695448,bicycling
Amazon Corporate Headquarters,47.62273719968499,-122.3367529935981,Downtown Redmond Station - suburban train line,47.67165114274571,-122.11850183695448,transit
Amazon Corporate Headquarters,47.62273719968499,-122.3367529935981,Marymoor Village Station - suburban train line ,47.66723127240838,-122.10990989940258,driving
Amazon Corporate Headquarters,47.62273719968499,-122.3367529935981,Marymoor Village Station - suburban train line ,47.66723127240838,-122.10990989940258,walking
Amazon Corporate Headquarters,47.62273719968499,-122.3367529935981,Marymoor Village Station - suburban train line ,47.66723127240838,-122.10990989940258,bicycling
Amazon Corporate Headquarters,47.62273719968499,-122.3367529935981,Marymoor Village Station - suburban train line ,47.66723127240838,-122.10990989940258,transit
Amazon Corporate Headquarters,47.62273719968499,-122.3367529935981,"Redmond Technology Station - light rail station
",47.64481217474729,-122.13360830078304,driving
Amazon Corporate Headquarters,47.62273719968499,-122.3367529935981,"Redmond Technology Station - light rail station
",47.64481217474729,-122.13360830078304,walking
Amazon Corporate Headquarters,47.62273719968499,-122.3367529935981,"Redmond Technology Station - light rail station
",47.64481217474729,-122.13360830078304,bicycling
Amazon Corporate Headquarters,47.62273719968499,-122.3367529935981,"Redmond Technology Station - light rail station
",47.64481217474729,-122.13360830078304,transit
Amazon Corporate Headquarters,47.62273719968499,-122.3367529935981,Overlake Village Station - light rail station,47.63630429011254,-122.1389233374353,driving
Amazon Corporate Headquarters,47.62273719968499,-122.3367529935981,Overlake Village Station - light rail station,47.63630429011254,-122.1389233374353,walking
Amazon Corporate Headquarters,47.62273719968499,-122.3367529935981,Overlake Village Station - light rail station,47.63630429011254,-122.1389233374353,bicycling
Amazon Corporate Headquarters,47.62273719968499,-122.3367529935981,Overlake Village Station - light rail station,47.63630429011254,-122.1389233374353,transit
Amazon Corporate Headquarters,47.62273719968499,-122.3367529935981,BelRed Station - light rail station,47.624419440180404,-122.16565057845678,driving
Amazon Corporate Headquarters,47.62273719968499,-122.3367529935981,BelRed Station - light rail station,47.624419440180404,-122.16565057845678,walking
Amazon Corporate Headquarters,47.62273719968499,-122.3367529935981,BelRed Station - light rail station,47.624419440180404,-122.16565057845678,bicycling
Amazon Corporate Headquarters,47.62273719968499,-122.3367529935981,BelRed Station - light rail station,47.624419440180404,-122.16565057845678,transit
Amazon Corporate Headquarters,47.62273719968499,-122.3367529935981,Spring District Station - light rail station,47.623760984085195,-122.17856999500663,driving
Amazon Corporate Headquarters,47.62273719968499,-122.3367529935981,Spring District Station - light rail station,47.623760984085195,-122.17856999500663,walking
Amazon Corporate Headquarters,47.62273719968499,-122.3367529935981,Spring District Station - light rail station,47.623760984085195,-122.17856999500663,bicycling
Amazon Corporate Headquarters,47.62273719968499,-122.3367529935981,Spring District Station - light rail station,47.623760984085195,-122.17856999500663,transit
Amazon Corporate Headquarters,47.62273719968499,-122.3367529935981,Wilburton Station - light rail station,47.61794063638405,-122.18378014228747,driving
Amazon Corporate Headquarters,47.62273719968499,-122.3367529935981,Wilburton Station - light rail station,47.61794063638405,-122.18378014228747,walking
Amazon Corporate Headquarters,47.62273719968499,-122.3367529935981,Wilburton Station - light rail station,47.61794063638405,-122.18378014228747,bicycling
Amazon Corporate Headquarters,47.62273719968499,-122.3367529935981,Wilburton Station - light rail station,47.61794063638405,-122.18378014228747,transit
Amazon Corporate Headquarters,47.62273719968499,-122.3367529935981,Bellevue Downtown Station - light rail station,47.61522588585599,-122.1921148622084,driving
Amazon Corporate Headquarters,47.62273719968499,-122.3367529935981,Bellevue Downtown Station - light rail station,47.61522588585599,-122.1921148622084,walking
Amazon Corporate Headquarters,47.62273719968499,-122.3367529935981,Bellevue Downtown Station - light rail station,47.61522588585599,-122.1921148622084,bicycling
Amazon Corporate Headquarters,47.62273719968499,-122.3367529935981,Bellevue Downtown Station - light rail station,47.61522588585599,-122.1921148622084,transit
Amazon Corporate Headquarters,47.62273719968499,-122.3367529935981,East Main Station - light rail station,47.608176874389706,-122.19114461036955,driving
Amazon Corporate Headquarters,47.62273719968499,-122.3367529935981,East Main Station - light rail station,47.608176874389706,-122.19114461036955,walking
Amazon Corporate Headquarters,47.62273719968499,-122.3367529935981,East Main Station - light rail station,47.608176874389706,-122.19114461036955,bicycling
Amazon Corporate Headquarters,47.62273719968499,-122.3367529935981,East Main Station - light rail station,47.608176874389706,-122.19114461036955,transit
Amazon Corporate Headquarters,47.62273719968499,-122.3367529935981,South Bellevue Station - light rail station,47.5865821232862,-122.19052230985305,driving
Amazon Corporate Headquarters,47.62273719968499,-122.3367529935981,South Bellevue Station - light rail station,47.5865821232862,-122.19052230985305,walking
Amazon Corporate Headquarters,47.62273719968499,-122.3367529935981,South Bellevue Station - light rail station,47.5865821232862,-122.19052230985305,bicycling
Amazon Corporate Headquarters,47.62273719968499,-122.3367529935981,South Bellevue Station - light rail station,47.5865821232862,-122.19052230985305,transit
Amazon Corporate Headquarters,47.62273719968499,-122.3367529935981,Tacoma Dome Station - light rail station,47.23980477857818,-122.42813756822997,driving
Amazon Corporate Headquarters,47.62273719968499,-122.3367529935981,Tacoma Dome Station - light rail station,47.23980477857818,-122.42813756822997,walking
Amazon Corporate Headquarters,47.62273719968499,-122.3367529935981,Tacoma Dome Station - light rail station,47.23980477857818,-122.42813756822997,bicycling
Amazon Corporate Headquarters,47.62273719968499,-122.3367529935981,Tacoma Dome Station - light rail station,47.23980477857818,-122.42813756822997,transit
Amazon Corporate Headquarters,47.62273719968499,-122.3367529935981,S 25th St Station - light rail station,47.23906666948454,-122.43418911060274,driving
Amazon Corporate Headquarters,47.62273719968499,-122.3367529935981,S 25th St Station - light rail station,47.23906666948454,-122.43418911060274,walking
Amazon Corporate Headquarters,47.62273719968499,-122.3367529935981,S 25th St Station - light rail station,47.23906666948454,-122.43418911060274,bicycling
Amazon Corporate Headquarters,47.62273719968499,-122.3367529935981,S 25th St Station - light rail station,47.23906666948454,-122.43418911060274,transit
Amazon Corporate Headquarters,47.62273719968499,-122.3367529935981,Union Station - light rail station,47.244863110045394,-122.436622286192,driving
Amazon Corporate Headquarters,47.62273719968499,-122.3367529935981,Union Station - light rail station,47.244863110045394,-122.436622286192,walking
Amazon Corporate Headquarters,47.62273719968499,-122.3367529935981,Union Station - light rail station,47.244863110045394,-122.436622286192,bicycling
Amazon Corporate Headquarters,47.62273719968499,-122.3367529935981,Union Station - light rail station,47.244863110045394,-122.436622286192,transit
Amazon Corporate Headquarters,47.62273719968499,-122.3367529935981,Convention Center Station - light rail station,47.249496716118024,-122.43849386793175,driving
Amazon Corporate Headquarters,47.62273719968499,-122.3367529935981,Convention Center Station - light rail station,47.249496716118024,-122.43849386793175,walking
Amazon Corporate Headquarters,47.62273719968499,-122.3367529935981,Convention Center Station - light rail station,47.249496716118024,-122.43849386793175,bicycling
Amazon Corporate Headquarters,47.62273719968499,-122.3367529935981,Convention Center Station - light rail station,47.249496716118024,-122.43849386793175,transit
Amazon Corporate Headquarters,47.62273719968499,-122.3367529935981,Theater District station - light rail station,47.25252956524051,-122.43925260581351,driving
Amazon Corporate Headquarters,47.62273719968499,-122.3367529935981,Theater District station - light rail station,47.25252956524051,-122.43925260581351,walking
Amazon Corporate Headquarters,47.62273719968499,-122.3367529935981,Theater District station - light rail station,47.25252956524051,-122.43925260581351,bicycling
Amazon Corporate Headquarters,47.62273719968499,-122.3367529935981,Theater District station - light rail station,47.25252956524051,-122.43925260581351,transit
Amazon Corporate Headquarters,47.62273719968499,-122.3367529935981,Old City Hall Station - light rail station,47.2577386727111,-122.44042084798907,driving
Amazon Corporate Headquarters,47.62273719968499,-122.3367529935981,Old City Hall Station - light rail station,47.2577386727111,-122.44042084798907,walking
Amazon Corporate Headquarters,47.62273719968499,-122.3367529935981,Old City Hall Station - light rail station,47.2577386727111,-122.44042084798907,bicycling
Amazon Corporate Headquarters,47.62273719968499,-122.3367529935981,Old City Hall Station - light rail station,47.2577386727111,-122.44042084798907,transit
Amazon Corporate Headquarters,47.62273719968499,-122.3367529935981,S 4th Station - light rail station,47.26130353935754,-122.44273789697527,driving
Amazon Corporate Headquarters,47.62273719968499,-122.3367529935981,S 4th Station - light rail station,47.26130353935754,-122.44273789697527,walking
Amazon Corporate Headquarters,47.62273719968499,-122.3367529935981,S 4th Station - light rail station,47.26130353935754,-122.44273789697527,bicycling
Amazon Corporate Headquarters,47.62273719968499,-122.3367529935981,S 4th Station - light rail station,47.26130353935754,-122.44273789697527,transit
Amazon Corporate Headquarters,47.62273719968499,-122.3367529935981,Stadium District station - light rail station,47.26384536950394,-122.44897811185001,driving
Amazon Corporate Headquarters,47.62273719968499,-122.3367529935981,Stadium District station - light rail station,47.26384536950394,-122.44897811185001,walking
Amazon Corporate Headquarters,47.62273719968499,-122.3367529935981,Stadium District station - light rail station,47.26384536950394,-122.44897811185001,bicycling
Amazon Corporate Headquarters,47.62273719968499,-122.3367529935981,Stadium District station - light rail station,47.26384536950394,-122.44897811185001,transit
Amazon Corporate Headquarters,47.62273719968499,-122.3367529935981,Tacoma General Station - light rail station,47.2600674682266,-122.45355469130534,driving
Amazon Corporate Headquarters,47.62273719968499,-122.3367529935981,Tacoma General Station - light rail station,47.2600674682266,-122.45355469130534,walking
Amazon Corporate Headquarters,47.62273719968499,-122.3367529935981,Tacoma General Station - light rail station,47.2600674682266,-122.45355469130534,bicycling
Amazon Corporate Headquarters,47.62273719968499,-122.3367529935981,Tacoma General Station - light rail station,47.2600674682266,-122.45355469130534,transit
Amazon Corporate Headquarters,47.62273719968499,-122.3367529935981,"6th Ave Station - light rail station
",47.25692010442415,-122.45286364899901,driving
Amazon Corporate Headquarters,47.62273719968499,-122.3367529935981,"6th Ave Station - light rail station
",47.25692010442415,-122.45286364899901,walking
Amazon Corporate Headquarters,47.62273719968499,-122.3367529935981,"6th Ave Station - light rail station
",47.25692010442415,-122.45286364899901,bicycling
Amazon Corporate Headquarters,47.62273719968499,-122.3367529935981,"6th Ave Station - light rail station
",47.25692010442415,-122.45286364899901,transit
Amazon Corporate Headquarters,47.62273719968499,-122.3367529935981,"Hilltop District Station - light rail station
",47.25176375603252,-122.45169705399127,driving
Amazon Corporate Headquarters,47.62273719968499,-122.3367529935981,"Hilltop District Station - light rail station
",47.25176375603252,-122.45169705399127,walking
Amazon Corporate Headquarters,47.62273719968499,-122.3367529935981,"Hilltop District Station - light rail station
",47.25176375603252,-122.45169705399127,bicycling
Amazon Corporate Headquarters,47.62273719968499,-122.3367529935981,"Hilltop District Station - light rail station
",47.25176375603252,-122.45169705399127,transit
Amazon Corporate Headquarters,47.62273719968499,-122.3367529935981,"St Joseph Station - light rail station
",47.24526466481149,-122.4501901337307,driving
Amazon Corporate Headquarters,47.62273719968499,-122.3367529935981,"St Joseph Station - light rail station
",47.24526466481149,-122.4501901337307,walking
Amazon Corporate Headquarters,47.62273719968499,-122.3367529935981,"St Joseph Station - light rail station
",47.24526466481149,-122.4501901337307,bicycling
Amazon Corporate Headquarters,47.62273719968499,-122.3367529935981,"St Joseph Station - light rail station
",47.24526466481149,-122.4501901337307,transit
Amazon Corporate Headquarters,47.62273719968499,-122.3367529935981,"Everett Station - train station
",47.97540940814232,-122.1975122893522,driving
Amazon Corporate Headquarters,47.62273719968499,-122.3367529935981,"Everett Station - train station
",47.97540940814232,-122.1975122893522,walking
Amazon Corporate Headquarters,47.62273719968499,-122.3367529935981,"Everett Station - train station
",47.97540940814232,-122.1975122893522,bicycling
Amazon Corporate Headquarters,47.62273719968499,-122.3367529935981,"Everett Station - train station
",47.97540940814232,-122.1975122893522,transit
Amazon Corporate Headquarters,47.62273719968499,-122.3367529935981,"Mukilteo Station - train station
",47.94911402024775,-122.29898403833772,driving
Amazon Corporate Headquarters,47.62273719968499,-122.3367529935981,"Mukilteo Station - train station
",47.94911402024775,-122.29898403833772,walking
Amazon Corporate Headquarters,47.62273719968499,-122.3367529935981,"Mukilteo Station - train station
",47.94911402024775,-122.29898403833772,bicycling
Amazon Corporate Headquarters,47.62273719968499,-122.3367529935981,"Mukilteo Station - train station
",47.94911402024775,-122.29898403833772,transit
Amazon Corporate Headquarters,47.62273719968499,-122.3367529935981,Edmonds Station - train station,47.81105738508295,-122.38443836033753,driving
Amazon Corporate Headquarters,47.62273719968499,-122.3367529935981,Edmonds Station - train station,47.81105738508295,-122.38443836033753,walking
Amazon Corporate Headquarters,47.62273719968499,-122.3367529935981,Edmonds Station - train station,47.81105738508295,-122.38443836033753,bicycling
Amazon Corporate Headquarters,47.62273719968499,-122.3367529935981,Edmonds Station - train station,47.81105738508295,-122.38443836033753,transit
Amazon Corporate Headquarters,47.62273719968499,-122.3367529935981,King Street Station - train station,47.59768657434635,-122.32948199917803,driving
Amazon Corporate Headquarters,47.62273719968499,-122.3367529935981,King Street Station - train station,47.59768657434635,-122.32948199917803,walking
Amazon Corporate Headquarters,47.62273719968499,-122.3367529935981,King Street Station - train station,47.59768657434635,-122.32948199917803,bicycling
Amazon Corporate Headquarters,47.62273719968499,-122.3367529935981,King Street Station - train station,47.59768657434635,-122.32948199917803,transit
Amazon Corporate Headquarters,47.62273719968499,-122.3367529935981,Tukwila Station - train station,47.46063891664352,-122.24056557355617,driving
Amazon Corporate Headquarters,47.62273719968499,-122.3367529935981,Tukwila Station - train station,47.46063891664352,-122.24056557355617,walking
Amazon Corporate Headquarters,47.62273719968499,-122.3367529935981,Tukwila Station - train station,47.46063891664352,-122.24056557355617,bicycling
Amazon Corporate Headquarters,47.62273719968499,-122.3367529935981,Tukwila Station - train station,47.46063891664352,-122.24056557355617,transit
Amazon Corporate Headquarters,47.62273719968499,-122.3367529935981,Kent Station  - train station,47.38456169019029,-122.23294597098803,driving
Amazon Corporate Headquarters,47.62273719968499,-122.3367529935981,Kent Station  - train station,47.38456169019029,-122.23294597098803,walking
Amazon Corporate Headquarters,47.62273719968499,-122.3367529935981,Kent Station  - train station,47.38456169019029,-122.23294597098803,bicycling
Amazon Corporate Headquarters,47.62273719968499,-122.3367529935981,Kent Station  - train station,47.38456169019029,-122.23294597098803,transit
Amazon Corporate Headquarters,47.62273719968499,-122.3367529935981,Auburn Station  - train station,47.30652362815994,-122.23213787488525,driving
Amazon Corporate Headquarters,47.62273719968499,-122.3367529935981,Auburn Station  - train station,47.30652362815994,-122.23213787488525,walking
Amazon Corporate Headquarters,47.62273719968499,-122.3367529935981,Auburn Station  - train station,47.30652362815994,-122.23213787488525,bicycling
Amazon Corporate Headquarters,47.62273719968499,-122.3367529935981,Auburn Station  - train station,47.30652362815994,-122.23213787488525,transit
Amazon Corporate Headquarters,47.62273719968499,-122.3367529935981,Sumner Station  - train station,47.201632595573116,-122.24457970375572,driving
Amazon Corporate Headquarters,47.62273719968499,-122.3367529935981,Sumner Station  - train station,47.201632595573116,-122.24457970375572,walking
Amazon Corporate Headquarters,47.62273719968499,-122.3367529935981,Sumner Station  - train station,47.201632595573116,-122.24457970375572,bicycling
Amazon Corporate Headquarters,47.62273719968499,-122.3367529935981,Sumner Station  - train station,47.201632595573116,-122.24457970375572,transit
Amazon Corporate Headquarters,47.62273719968499,-122.3367529935981,Puyallup Station  - train station,47.192619921058785,-122.2955830656225,driving
Amazon Corporate Headquarters,47.62273719968499,-122.3367529935981,Puyallup Station  - train station,47.192619921058785,-122.2955830656225,walking
Amazon Corporate Headquarters,47.62273719968499,-122.3367529935981,Puyallup Station  - train station,47.192619921058785,-122.2955830656225,bicycling
Amazon Corporate Headquarters,47.62273719968499,-122.3367529935981,Puyallup Station  - train station,47.192619921058785,-122.2955830656225,transit
Amazon Corporate Headquarters,47.62273719968499,-122.3367529935981,"South Tacoma Station
 - train station",47.20384206990258,-122.48552882076079,driving
Amazon Corporate Headquarters,47.62273719968499,-122.3367529935981,"South Tacoma Station
 - train station",47.20384206990258,-122.48552882076079,walking
Amazon Corporate Headquarters,47.62273719968499,-122.3367529935981,"South Tacoma Station
 - train station",47.20384206990258,-122.48552882076079,bicycling
Amazon Corporate Headquarters,47.62273719968499,-122.3367529935981,"South Tacoma Station
 - train station",47.20384206990258,-122.48552882076079,transit
Amazon Corporate Headquarters,47.62273719968499,-122.3367529935981,Lakewood Station - train station,47.152969891621204,-122.49938506575916,driving
Amazon Corporate Headquarters,47.62273719968499,-122.3367529935981,Lakewood Station - train station,47.152969891621204,-122.49938506575916,walking
Amazon Corporate Headquarters,47.62273719968499,-122.3367529935981,Lakewood Station - train station,47.152969891621204,-122.49938506575916,bicycling
Amazon Corporate Headquarters,47.62273719968499,-122.3367529935981,Lakewood Station - train station,47.152969891621204,-122.49938506575916,transit
Amazon Corporate Headquarters,47.62273719968499,-122.3367529935981,Benaroya Hall,47.60814199288301,-122.3368087995574,driving
Amazon Corporate Headquarters,47.62273719968499,-122.3367529935981,Benaroya Hall,47.60814199288301,-122.3368087995574,walking
Amazon Corporate Headquarters,47.62273719968499,-122.3367529935981,Benaroya Hall,47.60814199288301,-122.3368087995574,bicycling
Amazon Corporate Headquarters,47.62273719968499,-122.3367529935981,Benaroya Hall,47.60814199288301,-122.3368087995574,transit
Amazon Corporate Headquarters,47.62273719968499,-122.3367529935981,Seattle Ferry Terminal,47.602418939911296,-122.3389796268892,driving
Amazon Corporate Headquarters,47.62273719968499,-122.3367529935981,Seattle Ferry Terminal,47.602418939911296,-122.3389796268892,walking
Amazon Corporate Headquarters,47.62273719968499,-122.3367529935981,Seattle Ferry Terminal,47.602418939911296,-122.3389796268892,bicycling
Amazon Corporate Headquarters,47.62273719968499,-122.3367529935981,Seattle Ferry Terminal,47.602418939911296,-122.3389796268892,transit
Amazon Corporate Headquarters,47.62273719968499,-122.3367529935981,Cal Anderson Park,47.616996860880555,-122.31913288398151,driving
Amazon Corporate Headquarters,47.62273719968499,-122.3367529935981,Cal Anderson Park,47.616996860880555,-122.31913288398151,walking
Amazon Corporate Headquarters,47.62273719968499,-122.3367529935981,Cal Anderson Park,47.616996860880555,-122.31913288398151,bicycling
Amazon Corporate Headquarters,47.62273719968499,-122.3367529935981,Cal Anderson Park,47.616996860880555,-122.31913288398151,transit
Amazon Corporate Headquarters,47.62273719968499,-122.3367529935981,Seattle Central College,47.616710427451956,-122.32160607567265,driving
Amazon Corporate Headquarters,47.62273719968499,-122.3367529935981,Seattle Central College,47.616710427451956,-122.32160607567265,walking
Amazon Corporate Headquarters,47.62273719968499,-122.3367529935981,Seattle Central College,47.616710427451956,-122.32160607567265,bicycling
Amazon Corporate Headquarters,47.62273719968499,-122.3367529935981,Seattle Central College,47.616710427451956,-122.32160607567265,transit
Amazon Corporate Headquarters,47.62273719968499,-122.3367529935981,University Village,47.6616727246282,-122.29904419663022,driving
Amazon Corporate Headquarters,47.62273719968499,-122.3367529935981,University Village,47.6616727246282,-122.29904419663022,walking
Amazon Corporate Headquarters,47.62273719968499,-122.3367529935981,University Village,47.6616727246282,-122.29904419663022,bicycling
Amazon Corporate Headquarters,47.62273719968499,-122.3367529935981,University Village,47.6616727246282,-122.29904419663022,transit
Amazon Corporate Headquarters,47.62273719968499,-122.3367529935981,The Westin Seattle,47.613693189262335,-122.33819797246177,driving
Amazon Corporate Headquarters,47.62273719968499,-122.3367529935981,The Westin Seattle,47.613693189262335,-122.33819797246177,walking
Amazon Corporate Headquarters,47.62273719968499,-122.3367529935981,The Westin Seattle,47.613693189262335,-122.33819797246177,bicycling
Amazon Corporate Headquarters,47.62273719968499,-122.3367529935981,The Westin Seattle,47.613693189262335,-122.33819797246177,transit
