timestamp,origin_place,origin_lat,origin_lng,destination_place,destination_lat,destination_lng,mode,distance_meters,duration_seconds,duration_in_traffic,source
1754312400,Westlake Park,47.61094901,-122.3370206,Smith Tower,47.6018488,-122.3318543,driving,1617,364,291,api
1754312400,Westlake Park,47.61094901,-122.3370206,Smith Tower,47.6018488,-122.3318543,transit,1384,380,,api
1754312400,Westlake Park,47.61094901,-122.3370206,Smith Tower,47.6018488,-122.3318543,walking,1261,1042,,api
1754312400,Westlake Park,47.61094901,-122.3370206,Smith Tower,47.6018488,-122.3318543,bicycling,1350,422,,api
1754316000,Westlake Park,47.61094901,-122.3370206,Smith Tower,47.6018488,-122.3318543,driving,1617,364,308,api
1754316000,Westlake Park,47.61094901,-122.3370206,Smith Tower,47.6018488,-122.3318543,transit,1384,464,,api
1754316000,Westlake Park,47.61094901,-122.3370206,Smith Tower,47.6018488,-122.3318543,walking,1261,1042,,api
1754316000,Westlake Park,47.61094901,-122.3370206,Smith Tower,47.6018488,-122.3318543,bicycling,1350,422,,api
1754319600,Westlake Park,47.61094901,-122.3370206,Smith Tower,47.6018488,-122.3318543,driving,1617,364,336,api
1754319600,Westlake Park,47.61094901,-122.3370206,Smith Tower,47.6018488,-122.3318543,transit,1411,615,,api
1754319600,Westlake Park,47.61094901,-122.3370206,Smith Tower,47.6018488,-122.3318543,walking,1261,1042,,api
1754319600,Westlake Park,47.61094901,-122.3370206,Smith Tower,47.6018488,-122.3318543,bicycling,1350,422,,api
1754323200,Westlake Park,47.61094901,-122.3370206,Smith Tower,47.6018488,-122.3318543,driving,1617,364,357,api
1754323200,Westlake Park,47.61094901,-122.3370206,Smith Tower,47.6018488,-122.3318543,transit,1411,615,,api
1754323200,Westlake Park,47.61094901,-122.3370206,Smith Tower,47.6018488,-122.3318543,walking,1261,1042,,api
1754323200,Westlake Park,47.61094901,-122.3370206,Smith Tower,47.6018488,-122.3318543,bicycling,1350,422,,api
1754326800,Westlake Park,47.61094901,-122.3370206,Smith Tower,47.6018488,-122.3318543,driving,1617,364,361,api
1754326800,Westlake Park,47.61094901,-122.3370206,Smith Tower,47.6018488,-122.3318543,transit,1411,615,,api
1754326800,Westlake Park,47.61094901,-122.3370206,Smith Tower,47.6018488,-122.3318543,walking,1261,1042,,api
1754326800,Westlake Park,47.61094901,-122.3370206,Smith Tower,47.6018488,-122.3318543,bicycling,1350,422,,api
1754330400,Westlake Park,47.61094901,-122.3370206,Smith Tower,47.6018488,-122.3318543,driving,1617,364,368,api
1754330400,Westlake Park,47.61094901,-122.3370206,Smith Tower,47.6018488,-122.3318543,transit,1405,666,,api
1754330400,Westlake Park,47.61094901,-122.3370206,Smith Tower,47.6018488,-122.3318543,walking,1261,1042,,api
1754330400,Westlake Park,47.61094901,-122.3370206,Smith Tower,47.6018488,-122.3318543,bicycling,1350,422,,api
1754334000,Westlake Park,47.61094901,-122.3370206,Smith Tower,47.6018488,-122.3318543,driving,1617,364,409,api
1754334000,Westlake Park,47.61094901,-122.3370206,Smith Tower,47.6018488,-122.3318543,transit,1405,666,,api
1754334000,Westlake Park,47.61094901,-122.3370206,Smith Tower,47.6018488,-122.3318543,walking,1261,1042,,api
1754334000,Westlake Park,47.61094901,-122.3370206,Smith Tower,47.6018488,-122.3318543,bicycling,1350,422,,api
1754337600,Westlake Park,47.61094901,-122.3370206,Smith Tower,47.6018488,-122.3318543,driving,1617,364,392,api
1754337600,Westlake Park,47.61094901,-122.3370206,Smith Tower,47.6018488,-122.3318543,transit,1405,666,,api
1754337600,Westlake Park,47.61094901,-122.3370206,Smith Tower,47.6018488,-122.3318543,walking,1261,1042,,api
1754337600,Westlake Park,47.61094901,-122.3370206,Smith Tower,47.6018488,-122.3318543,bicycling,1350,422,,api
1754341200,Westlake Park,47.61094901,-122.3370206,Smith Tower,47.6018488,-122.3318543,driving,1617,364,424,api
1754341200,Westlake Park,47.61094901,-122.3370206,Smith Tower,47.6018488,-122.3318543,transit,1405,666,,api
1754341200,Westlake Park,47.61094901,-122.3370206,Smith Tower,47.6018488,-122.3318543,walking,1261,1042,,api
1754341200,Westlake Park,47.61094901,-122.3370206,Smith Tower,47.6018488,-122.3318543,bicycling,1350,422,,api
1754344800,Westlake Park,47.61094901,-122.3370206,Smith Tower,47.6018488,-122.3318543,driving,1617,364,402,api
1754344800,Westlake Park,47.61094901,-122.3370206,Smith Tower,47.6018488,-122.3318543,transit,1411,615,,api
1754344800,Westlake Park,47.61094901,-122.3370206,Smith Tower,47.6018488,-122.3318543,walking,1261,1042,,api
1754344800,Westlake Park,47.61094901,-122.3370206,Smith Tower,47.6018488,-122.3318543,bicycling,1350,422,,api
1754348400,Westlake Park,47.61094901,-122.3370206,Smith Tower,47.6018488,-122.3318543,driving,1617,364,420,api
1754348400,Westlake Park,47.61094901,-122.3370206,Smith Tower,47.6018488,-122.3318543,transit,1411,713,,api
1754348400,Westlake Park,47.61094901,-122.3370206,Smith Tower,47.6018488,-122.3318543,walking,1261,1042,,api
1754348400,Westlake Park,47.61094901,-122.3370206,Smith Tower,47.6018488,-122.3318543,bicycling,1350,422,,api
1754352000,Westlake Park,47.61094901,-122.3370206,Smith Tower,47.6018488,-122.3318543,driving,1617,364,457,api
1754352000,Westlake Park,47.61094901,-122.3370206,Smith Tower,47.6018488,-122.3318543,transit,1411,725,,api
1754352000,Westlake Park,47.61094901,-122.3370206,Smith Tower,47.6018488,-122.3318543,walking,1261,1042,,api
1754352000,Westlake Park,47.61094901,-122.3370206,Smith Tower,47.6018488,-122.3318543,bicycling,1350,422,,api
1754355600,Westlake Park,47.61094901,-122.3370206,Smith Tower,47.6018488,-122.3318543,driving,1617,364,371,api
1754355600,Westlake Park,47.61094901,-122.3370206,Smith Tower,47.6018488,-122.3318543,transit,1411,644,,api
1754355600,Westlake Park,47.61094901,-122.3370206,Smith Tower,47.6018488,-122.3318543,walking,1261,1042,,api
1754355600,Westlake Park,47.61094901,-122.3370206,Smith Tower,47.6018488,-122.3318543,bicycling,1350,422,,api
1754359200,Westlake Park,47.61094901,-122.3370206,Smith Tower,47.6018488,-122.3318543,driving,1617,364,322,api
1754359200,Westlake Park,47.61094901,-122.3370206,Smith Tower,47.6018488,-122.3318543,transit,1411,615,,api
1754359200,Westlake Park,47.61094901,-122.3370206,Smith Tower,47.6018488,-122.3318543,walking,1261,1042,,api
1754359200,Westlake Park,47.61094901,-122.3370206,Smith Tower,47.6018488,-122.3318543,bicycling,1350,422,,api
1754362800,Westlake Park,47.61094901,-122.3370206,Smith Tower,47.6018488,-122.3318543,driving,1617,364,297,api
1754362800,Westlake Park,47.61094901,-122.3370206,Smith Tower,47.6018488,-122.3318543,transit,1270,625,,api
1754362800,Westlake Park,47.61094901,-122.3370206,Smith Tower,47.6018488,-122.3318543,walking,1261,1042,,api
1754362800,Westlake Park,47.61094901,-122.3370206,Smith Tower,47.6018488,-122.3318543,bicycling,1350,422,,api
1754366400,Westlake Park,47.61094901,-122.3370206,Smith Tower,47.6018488,-122.3318543,driving,1617,364,295,api
1754366400,Westlake Park,47.61094901,-122.3370206,Smith Tower,47.6018488,-122.3318543,transit,1411,591,,api
1754366400,Westlake Park,47.61094901,-122.3370206,Smith Tower,47.6018488,-122.3318543,walking,1261,1042,,api
1754366400,Westlake Park,47.61094901,-122.3370206,Smith Tower,47.6018488,-122.3318543,bicycling,1350,422,,api
1754370000,Westlake Park,47.61094901,-122.3370206,Smith Tower,47.6018488,-122.3318543,driving,1617,364,287,api
1754370000,Westlake Park,47.61094901,-122.3370206,Smith Tower,47.6018488,-122.3318543,transit,1270,625,,api
1754370000,Westlake Park,47.61094901,-122.3370206,Smith Tower,47.6018488,-122.3318543,walking,1261,1042,,api
1754370000,Westlake Park,47.61094901,-122.3370206,Smith Tower,47.6018488,-122.3318543,bicycling,1350,422,,api
1754398800,Westlake Park,47.61094901,-122.3370206,Smith Tower,47.6018488,-122.3318543,driving,1617,364,286,api
1754398800,Westlake Park,47.61094901,-122.3370206,Smith Tower,47.6018488,-122.3318543,transit,1384,380,,api
1754398800,Westlake Park,47.61094901,-122.3370206,Smith Tower,47.6018488,-122.3318543,walking,1261,1042,,api
1754398800,Westlake Park,47.61094901,-122.3370206,Smith Tower,47.6018488,-122.3318543,bicycling,1350,422,,api
1754402400,Westlake Park,47.61094901,-122.3370206,Smith Tower,47.6018488,-122.3318543,driving,1617,364,312,api
1754402400,Westlake Park,47.61094901,-122.3370206,Smith Tower,47.6018488,-122.3318543,transit,1384,464,,api
1754402400,Westlake Park,47.61094901,-122.3370206,Smith Tower,47.6018488,-122.3318543,walking,1261,1042,,api
1754402400,Westlake Park,47.61094901,-122.3370206,Smith Tower,47.6018488,-122.3318543,bicycling,1350,422,,api
1754406000,Westlake Park,47.61094901,-122.3370206,Smith Tower,47.6018488,-122.3318543,driving,1617,364,360,api
1754406000,Westlake Park,47.61094901,-122.3370206,Smith Tower,47.6018488,-122.3318543,transit,1411,615,,api
1754406000,Westlake Park,47.61094901,-122.3370206,Smith Tower,47.6018488,-122.3318543,walking,1261,1042,,api
1754406000,Westlake Park,47.61094901,-122.3370206,Smith Tower,47.6018488,-122.3318543,bicycling,1350,422,,api
1754409600,Westlake Park,47.61094901,-122.3370206,Smith Tower,47.6018488,-122.3318543,driving,1617,364,377,api
1754409600,Westlake Park,47.61094901,-122.3370206,Smith Tower,47.6018488,-122.3318543,transit,1411,615,,api
1754409600,Westlake Park,47.61094901,-122.3370206,Smith Tower,47.6018488,-122.3318543,walking,1261,1042,,api
1754409600,Westlake Park,47.61094901,-122.3370206,Smith Tower,47.6018488,-122.3318543,bicycling,1350,422,,api
1754413200,Westlake Park,47.61094901,-122.3370206,Smith Tower,47.6018488,-122.3318543,driving,1617,364,383,api
1754413200,Westlake Park,47.61094901,-122.3370206,Smith Tower,47.6018488,-122.3318543,transit,1411,615,,api
1754413200,Westlake Park,47.61094901,-122.3370206,Smith Tower,47.6018488,-122.3318543,walking,1261,1042,,api
1754413200,Westlake Park,47.61094901,-122.3370206,Smith Tower,47.6018488,-122.3318543,bicycling,1350,422,,api
1754416800,Westlake Park,47.61094901,-122.3370206,Smith Tower,47.6018488,-122.3318543,driving,1617,364,399,api
1754416800,Westlake Park,47.61094901,-122.3370206,Smith Tower,47.6018488,-122.3318543,transit,1405,666,,api
1754416800,Westlake Park,47.61094901,-122.3370206,Smith Tower,47.6018488,-122.3318543,walking,1261,1042,,api
1754416800,Westlake Park,47.61094901,-122.3370206,Smith Tower,47.6018488,-122.3318543,bicycling,1350,422,,api
1754420400,Westlake Park,47.61094901,-122.3370206,Smith Tower,47.6018488,-122.3318543,driving,1617,364,456,api
1754420400,Westlake Park,47.61094901,-122.3370206,Smith Tower,47.6018488,-122.3318543,transit,1405,666,,api
1754420400,Westlake Park,47.61094901,-122.3370206,Smith Tower,47.6018488,-122.3318543,walking,1261,1042,,api
1754420400,Westlake Park,47.61094901,-122.3370206,Smith Tower,47.6018488,-122.3318543,bicycling,1350,422,,api
1754424000,Westlake Park,47.61094901,-122.3370206,Smith Tower,47.6018488,-122.3318543,driving,1617,364,434,api
1754424000,Westlake Park,47.61094901,-122.3370206,Smith Tower,47.6018488,-122.3318543,transit,1405,666,,api
1754424000,Westlake Park,47.61094901,-122.3370206,Smith Tower,47.6018488,-122.3318543,walking,1261,1042,,api
1754424000,Westlake Park,47.61094901,-122.3370206,Smith Tower,47.6018488,-122.3318543,bicycling,1350,422,,api
1754427600,Westlake Park,47.61094901,-122.3370206,Smith Tower,47.6018488,-122.3318543,driving,1617,364,454,api
1754427600,Westlake Park,47.61094901,-122.3370206,Smith Tower,47.6018488,-122.3318543,transit,1405,666,,api
1754427600,Westlake Park,47.61094901,-122.3370206,Smith Tower,47.6018488,-122.3318543,walking,1261,1042,,api
1754427600,Westlake Park,47.61094901,-122.3370206,Smith Tower,47.6018488,-122.3318543,bicycling,1350,422,,api
1754431200,Westlake Park,47.61094901,-122.3370206,Smith Tower,47.6018488,-122.3318543,driving,1617,364,460,api
1754431200,Westlake Park,47.61094901,-122.3370206,Smith Tower,47.6018488,-122.3318543,transit,1411,615,,api
1754431200,Westlake Park,47.61094901,-122.3370206,Smith Tower,47.6018488,-122.3318543,walking,1261,1042,,api
1754431200,Westlake Park,47.61094901,-122.3370206,Smith Tower,47.6018488,-122.3318543,bicycling,1350,422,,api
1754434800,Westlake Park,47.61094901,-122.3370206,Smith Tower,47.6018488,-122.3318543,driving,1617,364,503,api
1754434800,Westlake Park,47.61094901,-122.3370206,Smith Tower,47.6018488,-122.3318543,transit,1411,713,,api
1754434800,Westlake Park,47.61094901,-122.3370206,Smith Tower,47.6018488,-122.3318543,walking,1261,1042,,api
1754434800,Westlake Park,47.61094901,-122.3370206,Smith Tower,47.6018488,-122.3318543,bicycling,1350,422,,api
1754438400,Westlake Park,47.61094901,-122.3370206,Smith Tower,47.6018488,-122.3318543,driving,1617,364,563,api
1754438400,Westlake Park,47.61094901,-122.3370206,Smith Tower,47.6018488,-122.3318543,transit,1411,725,,api
1754438400,Westlake Park,47.61094901,-122.3370206,Smith Tower,47.6018488,-122.3318543,walking,1261,1042,,api
1754438400,Westlake Park,47.61094901,-122.3370206,Smith Tower,47.6018488,-122.3318543,bicycling,1350,422,,api
1754442000,Westlake Park,47.61094901,-122.3370206,Smith Tower,47.6018488,-122.3318543,driving,1617,364,508,api
1754442000,Westlake Park,47.61094901,-122.3370206,Smith Tower,47.6018488,-122.3318543,transit,1411,644,,api
1754442000,Westlake Park,47.61094901,-122.3370206,Smith Tower,47.6018488,-122.3318543,walking,1261,1042,,api
1754442000,Westlake Park,47.61094901,-122.3370206,Smith Tower,47.6018488,-122.3318543,bicycling,1350,422,,api
1754445600,Westlake Park,47.61094901,-122.3370206,Smith Tower,47.6018488,-122.3318543,driving,1617,364,331,api
1754445600,Westlake Park,47.61094901,-122.3370206,Smith Tower,47.6018488,-122.3318543,transit,1411,615,,api
1754445600,Westlake Park,47.61094901,-122.3370206,Smith Tower,47.6018488,-122.3318543,walking,1261,1042,,api
1754445600,Westlake Park,47.61094901,-122.3370206,Smith Tower,47.6018488,-122.3318543,bicycling,1350,422,,api
1754449200,Westlake Park,47.61094901,-122.3370206,Smith Tower,47.6018488,-122.3318543,driving,1617,364,315,api
1754449200,Westlake Park,47.61094901,-122.3370206,Smith Tower,47.6018488,-122.3318543,transit,1270,625,,api
1754449200,Westlake Park,47.61094901,-122.3370206,Smith Tower,47.6018488,-122.3318543,walking,1261,1042,,api
1754449200,Westlake Park,47.61094901,-122.3370206,Smith Tower,47.6018488,-122.3318543,bicycling,1350,422,,api
1754452800,Westlake Park,47.61094901,-122.3370206,Smith Tower,47.6018488,-122.3318543,driving,1617,364,311,api
1754452800,Westlake Park,47.61094901,-122.3370206,Smith Tower,47.6018488,-122.3318543,transit,1411,591,,api
1754452800,Westlake Park,47.61094901,-122.3370206,Smith Tower,47.6018488,-122.3318543,walking,1261,1042,,api
1754452800,Westlake Park,47.61094901,-122.3370206,Smith Tower,47.6018488,-122.3318543,bicycling,1350,422,,api
1754456400,Westlake Park,47.61094901,-122.3370206,Smith Tower,47.6018488,-122.3318543,driving,1617,364,296,api
1754456400,Westlake Park,47.61094901,-122.3370206,Smith Tower,47.6018488,-122.3318543,transit,1270,625,,api
1754456400,Westlake Park,47.61094901,-122.3370206,Smith Tower,47.6018488,-122.3318543,walking,1261,1042,,api
1754456400,Westlake Park,47.61094901,-122.3370206,Smith Tower,47.6018488,-122.3318543,bicycling,1350,422,,api
1754485200,Westlake Park,47.61094901,-122.3370206,Smith Tower,47.6018488,-122.3318543,driving,1617,364,318,api
1754485200,Westlake Park,47.61094901,-122.3370206,Smith Tower,47.6018488,-122.3318543,transit,1384,380,,api
1754485200,Westlake Park,47.61094901,-122.3370206,Smith Tower,47.6018488,-122.3318543,walking,1261,1042,,api
1754485200,Westlake Park,47.61094901,-122.3370206,Smith Tower,47.6018488,-122.3318543,bicycling,1350,422,,api
1754488800,Westlake Park,47.61094901,-122.3370206,Smith Tower,47.6018488,-122.3318543,driving,1617,364,317,api
1754488800,Westlake Park,47.61094901,-122.3370206,Smith Tower,47.6018488,-122.3318543,transit,1384,464,,api
1754488800,Westlake Park,47.61094901,-122.3370206,Smith Tower,47.6018488,-122.3318543,walking,1261,1042,,api
1754488800,Westlake Park,47.61094901,-122.3370206,Smith Tower,47.6018488,-122.3318543,bicycling,1350,422,,api
1754492400,Westlake Park,47.61094901,-122.3370206,Smith Tower,47.6018488,-122.3318543,driving,1617,364,353,api
1754492400,Westlake Park,47.61094901,-122.3370206,Smith Tower,47.6018488,-122.3318543,transit,1411,615,,api
1754492400,Westlake Park,47.61094901,-122.3370206,Smith Tower,47.6018488,-122.3318543,walking,1261,1042,,api
1754492400,Westlake Park,47.61094901,-122.3370206,Smith Tower,47.6018488,-122.3318543,bicycling,1350,422,,api
1754496000,Westlake Park,47.61094901,-122.3370206,Smith Tower,47.6018488,-122.3318543,driving,1617,364,391,api
1754496000,Westlake Park,47.61094901,-122.3370206,Smith Tower,47.6018488,-122.3318543,transit,1411,615,,api
1754496000,Westlake Park,47.61094901,-122.3370206,Smith Tower,47.6018488,-122.3318543,walking,1261,1042,,api
1754496000,Westlake Park,47.61094901,-122.3370206,Smith Tower,47.6018488,-122.3318543,bicycling,1350,422,,api
1754499600,Westlake Park,47.61094901,-122.3370206,Smith Tower,47.6018488,-122.3318543,driving,1617,364,393,api
1754499600,Westlake Park,47.61094901,-122.3370206,Smith Tower,47.6018488,-122.3318543,transit,1411,615,,api
1754499600,Westlake Park,47.61094901,-122.3370206,Smith Tower,47.6018488,-122.3318543,walking,1261,1042,,api
1754499600,Westlake Park,47.61094901,-122.3370206,Smith Tower,47.6018488,-122.3318543,bicycling,1350,422,,api
1754503200,Westlake Park,47.61094901,-122.3370206,Smith Tower,47.6018488,-122.3318543,driving,1617,364,414,api
1754503200,Westlake Park,47.61094901,-122.3370206,Smith Tower,47.6018488,-122.3318543,transit,1405,666,,api
1754503200,Westlake Park,47.61094901,-122.3370206,Smith Tower,47.6018488,-122.3318543,walking,1261,1042,,api
1754503200,Westlake Park,47.61094901,-122.3370206,Smith Tower,47.6018488,-122.3318543,bicycling,1350,422,,api
1754506800,Westlake Park,47.61094901,-122.3370206,Smith Tower,47.6018488,-122.3318543,driving,1617,364,476,api
1754506800,Westlake Park,47.61094901,-122.3370206,Smith Tower,47.6018488,-122.3318543,transit,1405,666,,api
1754506800,Westlake Park,47.61094901,-122.3370206,Smith Tower,47.6018488,-122.3318543,walking,1261,1042,,api
1754506800,Westlake Park,47.61094901,-122.3370206,Smith Tower,47.6018488,-122.3318543,bicycling,1350,422,,api
1754510400,Westlake Park,47.61094901,-122.3370206,Smith Tower,47.6018488,-122.3318543,driving,1617,364,456,api
1754510400,Westlake Park,47.61094901,-122.3370206,Smith Tower,47.6018488,-122.3318543,transit,1405,666,,api
1754510400,Westlake Park,47.61094901,-122.3370206,Smith Tower,47.6018488,-122.3318543,walking,1261,1042,,api
1754510400,Westlake Park,47.61094901,-122.3370206,Smith Tower,47.6018488,-122.3318543,bicycling,1350,422,,api
1754514000,Westlake Park,47.61094901,-122.3370206,Smith Tower,47.6018488,-122.3318543,driving,1617,364,481,api
1754514000,Westlake Park,47.61094901,-122.3370206,Smith Tower,47.6018488,-122.3318543,transit,1405,666,,api
1754514000,Westlake Park,47.61094901,-122.3370206,Smith Tower,47.6018488,-122.3318543,walking,1261,1042,,api
1754514000,Westlake Park,47.61094901,-122.3370206,Smith Tower,47.6018488,-122.3318543,bicycling,1350,422,,api
1754517600,Westlake Park,47.61094901,-122.3370206,Smith Tower,47.6018488,-122.3318543,driving,1617,364,496,api
1754517600,Westlake Park,47.61094901,-122.3370206,Smith Tower,47.6018488,-122.3318543,transit,1411,615,,api
1754517600,Westlake Park,47.61094901,-122.3370206,Smith Tower,47.6018488,-122.3318543,walking,1261,1042,,api
1754517600,Westlake Park,47.61094901,-122.3370206,Smith Tower,47.6018488,-122.3318543,bicycling,1350,422,,api
1754521200,Westlake Park,47.61094901,-122.3370206,Smith Tower,47.6018488,-122.3318543,driving,1617,364,549,api
1754521200,Westlake Park,47.61094901,-122.3370206,Smith Tower,47.6018488,-122.3318543,transit,1411,713,,api
1754521200,Westlake Park,47.61094901,-122.3370206,Smith Tower,47.6018488,-122.3318543,walking,1261,1042,,api
1754521200,Westlake Park,47.61094901,-122.3370206,Smith Tower,47.6018488,-122.3318543,bicycling,1350,422,,api
1754524800,Westlake Park,47.61094901,-122.3370206,Smith Tower,47.6018488,-122.3318543,driving,1617,364,612,api
1754524800,Westlake Park,47.61094901,-122.3370206,Smith Tower,47.6018488,-122.3318543,transit,1411,725,,api
1754524800,Westlake Park,47.61094901,-122.3370206,Smith Tower,47.6018488,-122.3318543,walking,1261,1042,,api
1754524800,Westlake Park,47.61094901,-122.3370206,Smith Tower,47.6018488,-122.3318543,bicycling,1350,422,,api
1754528400,Westlake Park,47.61094901,-122.3370206,Smith Tower,47.6018488,-122.3318543,driving,1617,364,532,api
1754528400,Westlake Park,47.61094901,-122.3370206,Smith Tower,47.6018488,-122.3318543,transit,1411,644,,api
1754528400,Westlake Park,47.61094901,-122.3370206,Smith Tower,47.6018488,-122.3318543,walking,1261,1042,,api
1754528400,Westlake Park,47.61094901,-122.3370206,Smith Tower,47.6018488,-122.3318543,bicycling,1350,422,,api
1754532000,Westlake Park,47.61094901,-122.3370206,Smith Tower,47.6018488,-122.3318543,driving,1617,364,359,api
1754532000,Westlake Park,47.61094901,-122.3370206,Smith Tower,47.6018488,-122.3318543,transit,1411,615,,api
1754532000,Westlake Park,47.61094901,-122.3370206,Smith Tower,47.6018488,-122.3318543,walking,1261,1042,,api
1754532000,Westlake Park,47.61094901,-122.3370206,Smith Tower,47.6018488,-122.3318543,bicycling,1350,422,,api
1754535600,Westlake Park,47.61094901,-122.3370206,Smith Tower,47.6018488,-122.3318543,driving,1617,364,325,api
1754535600,Westlake Park,47.61094901,-122.3370206,Smith Tower,47.6018488,-122.3318543,transit,1270,625,,api
1754535600,Westlake Park,47.61094901,-122.3370206,Smith Tower,47.6018488,-122.3318543,walking,1261,1042,,api
1754535600,Westlake Park,47.61094901,-122.3370206,Smith Tower,47.6018488,-122.3318543,bicycling,1350,422,,api
1754539200,Westlake Park,47.61094901,-122.3370206,Smith Tower,47.6018488,-122.3318543,driving,1617,364,311,api
1754539200,Westlake Park,47.61094901,-122.3370206,Smith Tower,47.6018488,-122.3318543,transit,1411,591,,api
1754539200,Westlake Park,47.61094901,-122.3370206,Smith Tower,47.6018488,-122.3318543,walking,1261,1042,,api
1754539200,Westlake Park,47.61094901,-122.3370206,Smith Tower,47.6018488,-122.3318543,bicycling,1350,422,,api
1754542800,Westlake Park,47.61094901,-122.3370206,Smith Tower,47.6018488,-122.3318543,driving,1617,364,315,api
1754542800,Westlake Park,47.61094901,-122.3370206,Smith Tower,47.6018488,-122.3318543,transit,1270,625,,api
1754542800,Westlake Park,47.61094901,-122.3370206,Smith Tower,47.6018488,-122.3318543,walking,1261,1042,,api
1754542800,Westlake Park,47.61094901,-122.3370206,Smith Tower,47.6018488,-122.3318543,bicycling,1350,422,,api
1754571600,Westlake Park,47.61094901,-122.3370206,Smith Tower,47.6018488,-122.3318543,driving,1617,364,297,api
1754571600,Westlake Park,47.61094901,-122.3370206,Smith Tower,47.6018488,-122.3318543,transit,1384,380,,api
1754571600,Westlake Park,47.61094901,-122.3370206,Smith Tower,47.6018488,-122.3318543,walking,1261,1042,,api
1754571600,Westlake Park,47.61094901,-122.3370206,Smith Tower,47.6018488,-122.3318543,bicycling,1350,422,,api
1754575200,Westlake Park,47.61094901,-122.3370206,Smith Tower,47.6018488,-122.3318543,driving,1617,364,296,api
1754575200,Westlake Park,47.61094901,-122.3370206,Smith Tower,47.6018488,-122.3318543,transit,1384,464,,api
1754575200,Westlake Park,47.61094901,-122.3370206,Smith Tower,47.6018488,-122.3318543,walking,1261,1042,,api
1754575200,Westlake Park,47.61094901,-122.3370206,Smith Tower,47.6018488,-122.3318543,bicycling,1350,422,,api
1754578800,Westlake Park,47.61094901,-122.3370206,Smith Tower,47.6018488,-122.3318543,driving,1617,364,371,api
1754578800,Westlake Park,47.61094901,-122.3370206,Smith Tower,47.6018488,-122.3318543,transit,1411,615,,api
1754578800,Westlake Park,47.61094901,-122.3370206,Smith Tower,47.6018488,-122.3318543,walking,1261,1042,,api
1754578800,Westlake Park,47.61094901,-122.3370206,Smith Tower,47.6018488,-122.3318543,bicycling,1350,422,,api
1754582400,Westlake Park,47.61094901,-122.3370206,Smith Tower,47.6018488,-122.3318543,driving,1617,364,388,api
1754582400,Westlake Park,47.61094901,-122.3370206,Smith Tower,47.6018488,-122.3318543,transit,1411,615,,api
1754582400,Westlake Park,47.61094901,-122.3370206,Smith Tower,47.6018488,-122.3318543,walking,1261,1042,,api
1754582400,Westlake Park,47.61094901,-122.3370206,Smith Tower,47.6018488,-122.3318543,bicycling,1350,422,,api
1754586000,Westlake Park,47.61094901,-122.3370206,Smith Tower,47.6018488,-122.3318543,driving,1617,364,402,api
1754586000,Westlake Park,47.61094901,-122.3370206,Smith Tower,47.6018488,-122.3318543,transit,1411,615,,api
1754586000,Westlake Park,47.61094901,-122.3370206,Smith Tower,47.6018488,-122.3318543,walking,1261,1042,,api
1754586000,Westlake Park,47.61094901,-122.3370206,Smith Tower,47.6018488,-122.3318543,bicycling,1350,422,,api
1754589600,Westlake Park,47.61094901,-122.3370206,Smith Tower,47.6018488,-122.3318543,driving,1617,364,427,api
1754589600,Westlake Park,47.61094901,-122.3370206,Smith Tower,47.6018488,-122.3318543,transit,1405,666,,api
1754589600,Westlake Park,47.61094901,-122.3370206,Smith Tower,47.6018488,-122.3318543,walking,1261,1042,,api
1754589600,Westlake Park,47.61094901,-122.3370206,Smith Tower,47.6018488,-122.3318543,bicycling,1350,422,,api
1754593200,Westlake Park,47.61094901,-122.3370206,Smith Tower,47.6018488,-122.3318543,driving,1617,364,481,api
1754593200,Westlake Park,47.61094901,-122.3370206,Smith Tower,47.6018488,-122.3318543,transit,1405,666,,api
1754593200,Westlake Park,47.61094901,-122.3370206,Smith Tower,47.6018488,-122.3318543,walking,1261,1042,,api
1754593200,Westlake Park,47.61094901,-122.3370206,Smith Tower,47.6018488,-122.3318543,bicycling,1350,422,,api
1754596800,Westlake Park,47.61094901,-122.3370206,Smith Tower,47.6018488,-122.3318543,driving,1617,364,493,api
1754596800,Westlake Park,47.61094901,-122.3370206,Smith Tower,47.6018488,-122.3318543,transit,1405,666,,api
1754596800,Westlake Park,47.61094901,-122.3370206,Smith Tower,47.6018488,-122.3318543,walking,1261,1042,,api
1754596800,Westlake Park,47.61094901,-122.3370206,Smith Tower,47.6018488,-122.3318543,bicycling,1350,422,,api
1754600400,Westlake Park,47.61094901,-122.3370206,Smith Tower,47.6018488,-122.3318543,driving,1617,364,506,api
1754600400,Westlake Park,47.61094901,-122.3370206,Smith Tower,47.6018488,-122.3318543,transit,1405,666,,api
1754600400,Westlake Park,47.61094901,-122.3370206,Smith Tower,47.6018488,-122.3318543,walking,1261,1042,,api
1754600400,Westlake Park,47.61094901,-122.3370206,Smith Tower,47.6018488,-122.3318543,bicycling,1350,422,,api
1754604000,Westlake Park,47.61094901,-122.3370206,Smith Tower,47.6018488,-122.3318543,driving,1617,364,497,api
1754604000,Westlake Park,47.61094901,-122.3370206,Smith Tower,47.6018488,-122.3318543,transit,1411,615,,api
1754604000,Westlake Park,47.61094901,-122.3370206,Smith Tower,47.6018488,-122.3318543,walking,1261,1042,,api
1754604000,Westlake Park,47.61094901,-122.3370206,Smith Tower,47.6018488,-122.3318543,bicycling,1350,422,,api
1754607600,Westlake Park,47.61094901,-122.3370206,Smith Tower,47.6018488,-122.3318543,driving,1617,364,554,api
1754607600,Westlake Park,47.61094901,-122.3370206,Smith Tower,47.6018488,-122.3318543,transit,1411,713,,api
1754607600,Westlake Park,47.61094901,-122.3370206,Smith Tower,47.6018488,-122.3318543,walking,1261,1042,,api
1754607600,Westlake Park,47.61094901,-122.3370206,Smith Tower,47.6018488,-122.3318543,bicycling,1350,422,,api
1754611200,Westlake Park,47.61094901,-122.3370206,Smith Tower,47.6018488,-122.3318543,driving,1617,364,599,api
1754611200,Westlake Park,47.61094901,-122.3370206,Smith Tower,47.6018488,-122.3318543,transit,1411,725,,api
1754611200,Westlake Park,47.61094901,-122.3370206,Smith Tower,47.6018488,-122.3318543,walking,1261,1042,,api
1754611200,Westlake Park,47.61094901,-122.3370206,Smith Tower,47.6018488,-122.3318543,bicycling,1350,422,,api
1754614800,Westlake Park,47.61094901,-122.3370206,Smith Tower,47.6018488,-122.3318543,driving,1617,364,566,api
1754614800,Westlake Park,47.61094901,-122.3370206,Smith Tower,47.6018488,-122.3318543,transit,1411,644,,api
1754614800,Westlake Park,47.61094901,-122.3370206,Smith Tower,47.6018488,-122.3318543,walking,1261,1042,,api
1754614800,Westlake Park,47.61094901,-122.3370206,Smith Tower,47.6018488,-122.3318543,bicycling,1350,422,,api
1754618400,Westlake Park,47.61094901,-122.3370206,Smith Tower,47.6018488,-122.3318543,driving,1617,364,373,api
1754618400,Westlake Park,47.61094901,-122.3370206,Smith Tower,47.6018488,-122.3318543,transit,1411,615,,api
1754618400,Westlake Park,47.61094901,-122.3370206,Smith Tower,47.6018488,-122.3318543,walking,1261,1042,,api
1754618400,Westlake Park,47.61094901,-122.3370206,Smith Tower,47.6018488,-122.3318543,bicycling,1350,422,,api
1754622000,Westlake Park,47.61094901,-122.3370206,Smith Tower,47.6018488,-122.3318543,driving,1617,364,327,api
1754622000,Westlake Park,47.61094901,-122.3370206,Smith Tower,47.6018488,-122.3318543,transit,1270,625,,api
1754622000,Westlake Park,47.61094901,-122.3370206,Smith Tower,47.6018488,-122.3318543,walking,1261,1042,,api
1754622000,Westlake Park,47.61094901,-122.3370206,Smith Tower,47.6018488,-122.3318543,bicycling,1350,422,,api
1754625600,Westlake Park,47.61094901,-122.3370206,Smith Tower,47.6018488,-122.3318543,driving,1617,364,315,api
1754625600,Westlake Park,47.61094901,-122.3370206,Smith Tower,47.6018488,-122.3318543,transit,1411,591,,api
1754625600,Westlake Park,47.61094901,-122.3370206,Smith Tower,47.6018488,-122.3318543,walking,1261,1042,,api
1754625600,Westlake Park,47.61094901,-122.3370206,Smith Tower,47.6018488,-122.3318543,bicycling,1350,422,,api
1754629200,Westlake Park,47.61094901,-122.3370206,Smith Tower,47.6018488,-122.3318543,driving,1617,364,334,api
1754629200,Westlake Park,47.61094901,-122.3370206,Smith Tower,47.6018488,-122.3318543,transit,1270,625,,api
1754629200,Westlake Park,47.61094901,-122.3370206,Smith Tower,47.6018488,-122.3318543,walking,1261,1042,,api
1754629200,Westlake Park,47.61094901,-122.3370206,Smith Tower,47.6018488,-122.3318543,bicycling,1350,422,,api
1754658000,Westlake Park,47.61094901,-122.3370206,Smith Tower,47.6018488,-122.3318543,driving,1617,364,306,api
1754658000,Westlake Park,47.61094901,-122.3370206,Smith Tower,47.6018488,-122.3318543,transit,1400,284,,api
1754658000,Westlake Park,47.61094901,-122.3370206,Smith Tower,47.6018488,-122.3318543,walking,1261,1042,,api
1754658000,Westlake Park,47.61094901,-122.3370206,Smith Tower,47.6018488,-122.3318543,bicycling,1350,422,,api
1754661600,Westlake Park,47.61094901,-122.3370206,Smith Tower,47.6018488,-122.3318543,driving,1617,364,307,api
1754661600,Westlake Park,47.61094901,-122.3370206,Smith Tower,47.6018488,-122.3318543,transit,1400,284,,api
1754661600,Westlake Park,47.61094901,-122.3370206,Smith Tower,47.6018488,-122.3318543,walking,1261,1042,,api
1754661600,Westlake Park,47.61094901,-122.3370206,Smith Tower,47.6018488,-122.3318543,bicycling,1350,422,,api
1754665200,Westlake Park,47.61094901,-122.3370206,Smith Tower,47.6018488,-122.3318543,driving,1617,364,336,api
1754665200,Westlake Park,47.61094901,-122.3370206,Smith Tower,47.6018488,-122.3318543,transit,1400,284,,api
1754665200,Westlake Park,47.61094901,-122.3370206,Smith Tower,47.6018488,-122.3318543,walking,1261,1042,,api
1754665200,Westlake Park,47.61094901,-122.3370206,Smith Tower,47.6018488,-122.3318543,bicycling,1350,422,,api
1754668800,Westlake Park,47.61094901,-122.3370206,Smith Tower,47.6018488,-122.3318543,driving,1617,364,350,api
1754668800,Westlake Park,47.61094901,-122.3370206,Smith Tower,47.6018488,-122.3318543,transit,1400,284,,api
1754668800,Westlake Park,47.61094901,-122.3370206,Smith Tower,47.6018488,-122.3318543,walking,1261,1042,,api
1754668800,Westlake Park,47.61094901,-122.3370206,Smith Tower,47.6018488,-122.3318543,bicycling,1350,422,,api
1754672400,Westlake Park,47.61094901,-122.3370206,Smith Tower,47.6018488,-122.3318543,driving,1617,364,397,api
1754672400,Westlake Park,47.61094901,-122.3370206,Smith Tower,47.6018488,-122.3318543,transit,1400,284,,api
1754672400,Westlake Park,47.61094901,-122.3370206,Smith Tower,47.6018488,-122.3318543,walking,1261,1042,,api
1754672400,Westlake Park,47.61094901,-122.3370206,Smith Tower,47.6018488,-122.3318543,bicycling,1350,422,,api
1754676000,Westlake Park,47.61094901,-122.3370206,Smith Tower,47.6018488,-122.3318543,driving,1617,364,431,api
1754676000,Westlake Park,47.61094901,-122.3370206,Smith Tower,47.6018488,-122.3318543,transit,1400,284,,api
1754676000,Westlake Park,47.61094901,-122.3370206,Smith Tower,47.6018488,-122.3318543,walking,1261,1042,,api
1754676000,Westlake Park,47.61094901,-122.3370206,Smith Tower,47.6018488,-122.3318543,bicycling,1350,422,,api
1754679600,Westlake Park,47.61094901,-122.3370206,Smith Tower,47.6018488,-122.3318543,driving,1617,364,495,api
1754679600,Westlake Park,47.61094901,-122.3370206,Smith Tower,47.6018488,-122.3318543,transit,1400,284,,api
1754679600,Westlake Park,47.61094901,-122.3370206,Smith Tower,47.6018488,-122.3318543,walking,1261,1042,,api
1754679600,Westlake Park,47.61094901,-122.3370206,Smith Tower,47.6018488,-122.3318543,bicycling,1350,422,,api
1754683200,Westlake Park,47.61094901,-122.3370206,Smith Tower,47.6018488,-122.3318543,driving,1617,364,512,api
1754683200,Westlake Park,47.61094901,-122.3370206,Smith Tower,47.6018488,-122.3318543,transit,1400,284,,api
1754683200,Westlake Park,47.61094901,-122.3370206,Smith Tower,47.6018488,-122.3318543,walking,1261,1042,,api
1754683200,Westlake Park,47.61094901,-122.3370206,Smith Tower,47.6018488,-122.3318543,bicycling,1350,422,,api
1754686800,Westlake Park,47.61094901,-122.3370206,Smith Tower,47.6018488,-122.3318543,driving,1617,364,511,api
1754686800,Westlake Park,47.61094901,-122.3370206,Smith Tower,47.6018488,-122.3318543,transit,1400,284,,api
1754686800,Westlake Park,47.61094901,-122.3370206,Smith Tower,47.6018488,-122.3318543,walking,1261,1042,,api
1754686800,Westlake Park,47.61094901,-122.3370206,Smith Tower,47.6018488,-122.3318543,bicycling,1350,422,,api
1754690400,Westlake Park,47.61094901,-122.3370206,Smith Tower,47.6018488,-122.3318543,driving,1617,364,508,api
1754690400,Westlake Park,47.61094901,-122.3370206,Smith Tower,47.6018488,-122.3318543,transit,1400,284,,api
1754690400,Westlake Park,47.61094901,-122.3370206,Smith Tower,47.6018488,-122.3318543,walking,1261,1042,,api
1754690400,Westlake Park,47.61094901,-122.3370206,Smith Tower,47.6018488,-122.3318543,bicycling,1350,422,,api
1754694000,Westlake Park,47.61094901,-122.3370206,Smith Tower,47.6018488,-122.3318543,driving,1617,364,508,api
1754694000,Westlake Park,47.61094901,-122.3370206,Smith Tower,47.6018488,-122.3318543,transit,1400,284,,api
1754694000,Westlake Park,47.61094901,-122.3370206,Smith Tower,47.6018488,-122.3318543,walking,1261,1042,,api
1754694000,Westlake Park,47.61094901,-122.3370206,Smith Tower,47.6018488,-122.3318543,bicycling,1350,422,,api
1754697600,Westlake Park,47.61094901,-122.3370206,Smith Tower,47.6018488,-122.3318543,driving,1617,364,500,api
1754697600,Westlake Park,47.61094901,-122.3370206,Smith Tower,47.6018488,-122.3318543,transit,1400,284,,api
1754697600,Westlake Park,47.61094901,-122.3370206,Smith Tower,47.6018488,-122.3318543,walking,1261,1042,,api
1754697600,Westlake Park,47.61094901,-122.3370206,Smith Tower,47.6018488,-122.3318543,bicycling,1350,422,,api
1754701200,Westlake Park,47.61094901,-122.3370206,Smith Tower,47.6018488,-122.3318543,driving,1617,364,414,api
1754701200,Westlake Park,47.61094901,-122.3370206,Smith Tower,47.6018488,-122.3318543,transit,1400,284,,api
1754701200,Westlake Park,47.61094901,-122.3370206,Smith Tower,47.6018488,-122.3318543,walking,1261,1042,,api
1754701200,Westlake Park,47.61094901,-122.3370206,Smith Tower,47.6018488,-122.3318543,bicycling,1350,422,,api
1754704800,Westlake Park,47.61094901,-122.3370206,Smith Tower,47.6018488,-122.3318543,driving,1617,364,357,api
1754704800,Westlake Park,47.61094901,-122.3370206,Smith Tower,47.6018488,-122.3318543,transit,1400,284,,api
1754704800,Westlake Park,47.61094901,-122.3370206,Smith Tower,47.6018488,-122.3318543,walking,1261,1042,,api
1754704800,Westlake Park,47.61094901,-122.3370206,Smith Tower,47.6018488,-122.3318543,bicycling,1350,422,,api
1754708400,Westlake Park,47.61094901,-122.3370206,Smith Tower,47.6018488,-122.3318543,driving,1617,364,350,api
1754708400,Westlake Park,47.61094901,-122.3370206,Smith Tower,47.6018488,-122.3318543,transit,1400,284,,api
1754708400,Westlake Park,47.61094901,-122.3370206,Smith Tower,47.6018488,-122.3318543,walking,1261,1042,,api
1754708400,Westlake Park,47.61094901,-122.3370206,Smith Tower,47.6018488,-122.3318543,bicycling,1350,422,,api
1754712000,Westlake Park,47.61094901,-122.3370206,Smith Tower,47.6018488,-122.3318543,driving,1617,364,344,api
1754712000,Westlake Park,47.61094901,-122.3370206,Smith Tower,47.6018488,-122.3318543,transit,1400,284,,api
1754712000,Westlake Park,47.61094901,-122.3370206,Smith Tower,47.6018488,-122.3318543,walking,1261,1042,,api
1754712000,Westlake Park,47.61094901,-122.3370206,Smith Tower,47.6018488,-122.3318543,bicycling,1350,422,,api
1754715600,Westlake Park,47.61094901,-122.3370206,Smith Tower,47.6018488,-122.3318543,driving,1617,364,350,api
1754715600,Westlake Park,47.61094901,-122.3370206,Smith Tower,47.6018488,-122.3318543,transit,1400,284,,api
1754715600,Westlake Park,47.61094901,-122.3370206,Smith Tower,47.6018488,-122.3318543,walking,1261,1042,,api
1754715600,Westlake Park,47.61094901,-122.3370206,Smith Tower,47.6018488,-122.3318543,bicycling,1350,422,,api
1754744400,Westlake Park,47.61094901,-122.3370206,Smith Tower,47.6018488,-122.3318543,driving,1617,364,276,api
1754744400,Westlake Park,47.61094901,-122.3370206,Smith Tower,47.6018488,-122.3318543,transit,1400,284,,api
1754744400,Westlake Park,47.61094901,-122.3370206,Smith Tower,47.6018488,-122.3318543,walking,1261,1042,,api
1754744400,Westlake Park,47.61094901,-122.3370206,Smith Tower,47.6018488,-122.3318543,bicycling,1350,422,,api
1754748000,Westlake Park,47.61094901,-122.3370206,Smith Tower,47.6018488,-122.3318543,driving,1617,364,294,api
1754748000,Westlake Park,47.61094901,-122.3370206,Smith Tower,47.6018488,-122.3318543,transit,1411,568,,api
1754748000,Westlake Park,47.61094901,-122.3370206,Smith Tower,47.6018488,-122.3318543,walking,1261,1042,,api
1754748000,Westlake Park,47.61094901,-122.3370206,Smith Tower,47.6018488,-122.3318543,bicycling,1350,422,,api
1754751600,Westlake Park,47.61094901,-122.3370206,Smith Tower,47.6018488,-122.3318543,driving,1617,364,310,api
1754751600,Westlake Park,47.61094901,-122.3370206,Smith Tower,47.6018488,-122.3318543,transit,1400,284,,api
1754751600,Westlake Park,47.61094901,-122.3370206,Smith Tower,47.6018488,-122.3318543,walking,1261,1042,,api
1754751600,Westlake Park,47.61094901,-122.3370206,Smith Tower,47.6018488,-122.3318543,bicycling,1350,422,,api
1754755200,Westlake Park,47.61094901,-122.3370206,Smith Tower,47.6018488,-122.3318543,driving,1617,364,297,api
1754755200,Westlake Park,47.61094901,-122.3370206,Smith Tower,47.6018488,-122.3318543,transit,1400,284,,api
1754755200,Westlake Park,47.61094901,-122.3370206,Smith Tower,47.6018488,-122.3318543,walking,1261,1042,,api
1754755200,Westlake Park,47.61094901,-122.3370206,Smith Tower,47.6018488,-122.3318543,bicycling,1350,422,,api
1754758800,Westlake Park,47.61094901,-122.3370206,Smith Tower,47.6018488,-122.3318543,driving,1617,364,346,api
1754758800,Westlake Park,47.61094901,-122.3370206,Smith Tower,47.6018488,-122.3318543,transit,1400,284,,api
1754758800,Westlake Park,47.61094901,-122.3370206,Smith Tower,47.6018488,-122.3318543,walking,1261,1042,,api
1754758800,Westlake Park,47.61094901,-122.3370206,Smith Tower,47.6018488,-122.3318543,bicycling,1350,422,,api
1754762400,Westlake Park,47.61094901,-122.3370206,Smith Tower,47.6018488,-122.3318543,driving,1617,364,395,api
1754762400,Westlake Park,47.61094901,-122.3370206,Smith Tower,47.6018488,-122.3318543,transit,1400,284,,api
1754762400,Westlake Park,47.61094901,-122.3370206,Smith Tower,47.6018488,-122.3318543,walking,1261,1042,,api
1754762400,Westlake Park,47.61094901,-122.3370206,Smith Tower,47.6018488,-122.3318543,bicycling,1350,422,,api
1754766000,Westlake Park,47.61094901,-122.3370206,Smith Tower,47.6018488,-122.3318543,driving,1617,364,445,api
1754766000,Westlake Park,47.61094901,-122.3370206,Smith Tower,47.6018488,-122.3318543,transit,1400,284,,api
1754766000,Westlake Park,47.61094901,-122.3370206,Smith Tower,47.6018488,-122.3318543,walking,1261,1042,,api
1754766000,Westlake Park,47.61094901,-122.3370206,Smith Tower,47.6018488,-122.3318543,bicycling,1350,422,,api
1754769600,Westlake Park,47.61094901,-122.3370206,Smith Tower,47.6018488,-122.3318543,driving,1617,364,472,api
1754769600,Westlake Park,47.61094901,-122.3370206,Smith Tower,47.6018488,-122.3318543,transit,1400,284,,api
1754769600,Westlake Park,47.61094901,-122.3370206,Smith Tower,47.6018488,-122.3318543,walking,1261,1042,,api
1754769600,Westlake Park,47.61094901,-122.3370206,Smith Tower,47.6018488,-122.3318543,bicycling,1350,422,,api
1754773200,Westlake Park,47.61094901,-122.3370206,Smith Tower,47.6018488,-122.3318543,driving,1617,364,458,api
1754773200,Westlake Park,47.61094901,-122.3370206,Smith Tower,47.6018488,-122.3318543,transit,1400,284,,api
1754773200,Westlake Park,47.61094901,-122.3370206,Smith Tower,47.6018488,-122.3318543,walking,1261,1042,,api
1754773200,Westlake Park,47.61094901,-122.3370206,Smith Tower,47.6018488,-122.3318543,bicycling,1350,422,,api
1754776800,Westlake Park,47.61094901,-122.3370206,Smith Tower,47.6018488,-122.3318543,driving,1617,364,474,api
1754776800,Westlake Park,47.61094901,-122.3370206,Smith Tower,47.6018488,-122.3318543,transit,1400,284,,api
1754776800,Westlake Park,47.61094901,-122.3370206,Smith Tower,47.6018488,-122.3318543,walking,1261,1042,,api
1754776800,Westlake Park,47.61094901,-122.3370206,Smith Tower,47.6018488,-122.3318543,bicycling,1350,422,,api
1754780400,Westlake Park,47.61094901,-122.3370206,Smith Tower,47.6018488,-122.3318543,driving,1617,364,489,api
1754780400,Westlake Park,47.61094901,-122.3370206,Smith Tower,47.6018488,-122.3318543,transit,1400,284,,api
1754780400,Westlake Park,47.61094901,-122.3370206,Smith Tower,47.6018488,-122.3318543,walking,1261,1042,,api
1754780400,Westlake Park,47.61094901,-122.3370206,Smith Tower,47.6018488,-122.3318543,bicycling,1350,422,,api
1754784000,Westlake Park,47.61094901,-122.3370206,Smith Tower,47.6018488,-122.3318543,driving,1617,364,466,api
1754784000,Westlake Park,47.61094901,-122.3370206,Smith Tower,47.6018488,-122.3318543,transit,1400,284,,api
1754784000,Westlake Park,47.61094901,-122.3370206,Smith Tower,47.6018488,-122.3318543,walking,1261,1042,,api
1754784000,Westlake Park,47.61094901,-122.3370206,Smith Tower,47.6018488,-122.3318543,bicycling,1350,422,,api
1754787600,Westlake Park,47.61094901,-122.3370206,Smith Tower,47.6018488,-122.3318543,driving,1617,364,456,api
1754787600,Westlake Park,47.61094901,-122.3370206,Smith Tower,47.6018488,-122.3318543,transit,1400,284,,api
1754787600,Westlake Park,47.61094901,-122.3370206,Smith Tower,47.6018488,-122.3318543,walking,1261,1042,,api
1754787600,Westlake Park,47.61094901,-122.3370206,Smith Tower,47.6018488,-122.3318543,bicycling,1350,422,,api
1754791200,Westlake Park,47.61094901,-122.3370206,Smith Tower,47.6018488,-122.3318543,driving,1617,364,403,api
1754791200,Westlake Park,47.61094901,-122.3370206,Smith Tower,47.6018488,-122.3318543,transit,1411,602,,api
1754791200,Westlake Park,47.61094901,-122.3370206,Smith Tower,47.6018488,-122.3318543,walking,1261,1042,,api
1754791200,Westlake Park,47.61094901,-122.3370206,Smith Tower,47.6018488,-122.3318543,bicycling,1350,422,,api
1754794800,Westlake Park,47.61094901,-122.3370206,Smith Tower,47.6018488,-122.3318543,driving,1617,364,365,api
1754794800,Westlake Park,47.61094901,-122.3370206,Smith Tower,47.6018488,-122.3318543,transit,1411,602,,api
1754794800,Westlake Park,47.61094901,-122.3370206,Smith Tower,47.6018488,-122.3318543,walking,1261,1042,,api
1754794800,Westlake Park,47.61094901,-122.3370206,Smith Tower,47.6018488,-122.3318543,bicycling,1350,422,,api
1754798400,Westlake Park,47.61094901,-122.3370206,Smith Tower,47.6018488,-122.3318543,driving,1617,364,360,api
1754798400,Westlake Park,47.61094901,-122.3370206,Smith Tower,47.6018488,-122.3318543,transit,1411,602,,api
1754798400,Westlake Park,47.61094901,-122.3370206,Smith Tower,47.6018488,-122.3318543,walking,1261,1042,,api
1754798400,Westlake Park,47.61094901,-122.3370206,Smith Tower,47.6018488,-122.3318543,bicycling,1350,422,,api
1754802000,Westlake Park,47.61094901,-122.3370206,Smith Tower,47.6018488,-122.3318543,driving,1617,364,387,api
1754802000,Westlake Park,47.61094901,-122.3370206,Smith Tower,47.6018488,-122.3318543,transit,1411,568,,api
1754802000,Westlake Park,47.61094901,-122.3370206,Smith Tower,47.6018488,-122.3318543,walking,1261,1042,,api
1754802000,Westlake Park,47.61094901,-122.3370206,Smith Tower,47.6018488,-122.3318543,bicycling,1350,422,,api
1754830800,Westlake Park,47.61094901,-122.3370206,Smith Tower,47.6018488,-122.3318543,driving,1617,364,293,api
1754830800,Westlake Park,47.61094901,-122.3370206,Smith Tower,47.6018488,-122.3318543,transit,1400,404,,api
1754830800,Westlake Park,47.61094901,-122.3370206,Smith Tower,47.6018488,-122.3318543,walking,1261,1042,,api
1754830800,Westlake Park,47.61094901,-122.3370206,Smith Tower,47.6018488,-122.3318543,bicycling,1350,422,,api
1754834400,Westlake Park,47.61094901,-122.3370206,Smith Tower,47.6018488,-122.3318543,driving,1617,364,290,api
1754834400,Westlake Park,47.61094901,-122.3370206,Smith Tower,47.6018488,-122.3318543,transit,1411,582,,api
1754834400,Westlake Park,47.61094901,-122.3370206,Smith Tower,47.6018488,-122.3318543,walking,1261,1042,,api
1754834400,Westlake Park,47.61094901,-122.3370206,Smith Tower,47.6018488,-122.3318543,bicycling,1350,422,,api
1754838000,Westlake Park,47.61094901,-122.3370206,Smith Tower,47.6018488,-122.3318543,driving,1617,364,308,api
1754838000,Westlake Park,47.61094901,-122.3370206,Smith Tower,47.6018488,-122.3318543,transit,1411,547,,api
1754838000,Westlake Park,47.61094901,-122.3370206,Smith Tower,47.6018488,-122.3318543,walking,1261,1042,,api
1754838000,Westlake Park,47.61094901,-122.3370206,Smith Tower,47.6018488,-122.3318543,bicycling,1350,422,,api
1754841600,Westlake Park,47.61094901,-122.3370206,Smith Tower,47.6018488,-122.3318543,driving,1617,364,293,api
1754841600,Westlake Park,47.61094901,-122.3370206,Smith Tower,47.6018488,-122.3318543,transit,1411,579,,api
1754841600,Westlake Park,47.61094901,-122.3370206,Smith Tower,47.6018488,-122.3318543,walking,1261,1042,,api
1754841600,Westlake Park,47.61094901,-122.3370206,Smith Tower,47.6018488,-122.3318543,bicycling,1350,422,,api
1754845200,Westlake Park,47.61094901,-122.3370206,Smith Tower,47.6018488,-122.3318543,driving,1617,364,324,api
1754845200,Westlake Park,47.61094901,-122.3370206,Smith Tower,47.6018488,-122.3318543,transit,1400,284,,api
1754845200,Westlake Park,47.61094901,-122.3370206,Smith Tower,47.6018488,-122.3318543,walking,1261,1042,,api
1754845200,Westlake Park,47.61094901,-122.3370206,Smith Tower,47.6018488,-122.3318543,bicycling,1350,422,,api
1754848800,Westlake Park,47.61094901,-122.3370206,Smith Tower,47.6018488,-122.3318543,driving,1617,364,382,api
1754848800,Westlake Park,47.61094901,-122.3370206,Smith Tower,47.6018488,-122.3318543,transit,1400,284,,api
1754848800,Westlake Park,47.61094901,-122.3370206,Smith Tower,47.6018488,-122.3318543,walking,1261,1042,,api
1754848800,Westlake Park,47.61094901,-122.3370206,Smith Tower,47.6018488,-122.3318543,bicycling,1350,422,,api
1754852400,Westlake Park,47.61094901,-122.3370206,Smith Tower,47.6018488,-122.3318543,driving,1617,364,432,api
1754852400,Westlake Park,47.61094901,-122.3370206,Smith Tower,47.6018488,-122.3318543,transit,1400,284,,api
1754852400,Westlake Park,47.61094901,-122.3370206,Smith Tower,47.6018488,-122.3318543,walking,1261,1042,,api
1754852400,Westlake Park,47.61094901,-122.3370206,Smith Tower,47.6018488,-122.3318543,bicycling,1350,422,,api
1754856000,Westlake Park,47.61094901,-122.3370206,Smith Tower,47.6018488,-122.3318543,driving,1617,364,439,api
1754856000,Westlake Park,47.61094901,-122.3370206,Smith Tower,47.6018488,-122.3318543,transit,1400,284,,api
1754856000,Westlake Park,47.61094901,-122.3370206,Smith Tower,47.6018488,-122.3318543,walking,1261,1042,,api
1754856000,Westlake Park,47.61094901,-122.3370206,Smith Tower,47.6018488,-122.3318543,bicycling,1350,422,,api
1754859600,Westlake Park,47.61094901,-122.3370206,Smith Tower,47.6018488,-122.3318543,driving,1617,364,447,api
1754859600,Westlake Park,47.61094901,-122.3370206,Smith Tower,47.6018488,-122.3318543,transit,1400,284,,api
1754859600,Westlake Park,47.61094901,-122.3370206,Smith Tower,47.6018488,-122.3318543,walking,1261,1042,,api
1754859600,Westlake Park,47.61094901,-122.3370206,Smith Tower,47.6018488,-122.3318543,bicycling,1350,422,,api
1754863200,Westlake Park,47.61094901,-122.3370206,Smith Tower,47.6018488,-122.3318543,driving,1617,364,458,api
1754863200,Westlake Park,47.61094901,-122.3370206,Smith Tower,47.6018488,-122.3318543,transit,1400,284,,api
1754863200,Westlake Park,47.61094901,-122.3370206,Smith Tower,47.6018488,-122.3318543,walking,1261,1042,,api
1754863200,Westlake Park,47.61094901,-122.3370206,Smith Tower,47.6018488,-122.3318543,bicycling,1350,422,,api
1754866800,Westlake Park,47.61094901,-122.3370206,Smith Tower,47.6018488,-122.3318543,driving,1617,364,460,api
1754866800,Westlake Park,47.61094901,-122.3370206,Smith Tower,47.6018488,-122.3318543,transit,1400,284,,api
1754866800,Westlake Park,47.61094901,-122.3370206,Smith Tower,47.6018488,-122.3318543,walking,1261,1042,,api
1754866800,Westlake Park,47.61094901,-122.3370206,Smith Tower,47.6018488,-122.3318543,bicycling,1350,422,,api
1754870400,Westlake Park,47.61094901,-122.3370206,Smith Tower,47.6018488,-122.3318543,driving,1617,364,421,api
1754870400,Westlake Park,47.61094901,-122.3370206,Smith Tower,47.6018488,-122.3318543,transit,1400,284,,api
1754870400,Westlake Park,47.61094901,-122.3370206,Smith Tower,47.6018488,-122.3318543,walking,1261,1042,,api
1754870400,Westlake Park,47.61094901,-122.3370206,Smith Tower,47.6018488,-122.3318543,bicycling,1350,422,,api
1754874000,Westlake Park,47.61094901,-122.3370206,Smith Tower,47.6018488,-122.3318543,driving,1617,364,387,api
1754874000,Westlake Park,47.61094901,-122.3370206,Smith Tower,47.6018488,-122.3318543,transit,1400,284,,api
1754874000,Westlake Park,47.61094901,-122.3370206,Smith Tower,47.6018488,-122.3318543,walking,1261,1042,,api
1754874000,Westlake Park,47.61094901,-122.3370206,Smith Tower,47.6018488,-122.3318543,bicycling,1350,422,,api
1754877600,Westlake Park,47.61094901,-122.3370206,Smith Tower,47.6018488,-122.3318543,driving,1617,364,337,api
1754877600,Westlake Park,47.61094901,-122.3370206,Smith Tower,47.6018488,-122.3318543,transit,1400,284,,api
1754877600,Westlake Park,47.61094901,-122.3370206,Smith Tower,47.6018488,-122.3318543,walking,1261,1042,,api
1754877600,Westlake Park,47.61094901,-122.3370206,Smith Tower,47.6018488,-122.3318543,bicycling,1350,422,,api
1754881200,Westlake Park,47.61094901,-122.3370206,Smith Tower,47.6018488,-122.3318543,driving,1617,364,314,api
1754881200,Westlake Park,47.61094901,-122.3370206,Smith Tower,47.6018488,-122.3318543,transit,1400,284,,api
1754881200,Westlake Park,47.61094901,-122.3370206,Smith Tower,47.6018488,-122.3318543,walking,1261,1042,,api
1754881200,Westlake Park,47.61094901,-122.3370206,Smith Tower,47.6018488,-122.3318543,bicycling,1350,422,,api
1754884800,Westlake Park,47.61094901,-122.3370206,Smith Tower,47.6018488,-122.3318543,driving,1617,364,331,api
1754884800,Westlake Park,47.61094901,-122.3370206,Smith Tower,47.6018488,-122.3318543,transit,1400,284,,api
1754884800,Westlake Park,47.61094901,-122.3370206,Smith Tower,47.6018488,-122.3318543,walking,1261,1042,,api
1754884800,Westlake Park,47.61094901,-122.3370206,Smith Tower,47.6018488,-122.3318543,bicycling,1350,422,,api
1754888400,Westlake Park,47.61094901,-122.3370206,Smith Tower,47.6018488,-122.3318543,driving,1617,364,359,api
1754888400,Westlake Park,47.61094901,-122.3370206,Smith Tower,47.6018488,-122.3318543,transit,1400,284,,api
1754888400,Westlake Park,47.61094901,-122.3370206,Smith Tower,47.6018488,-122.3318543,walking,1261,1042,,api
1754888400,Westlake Park,47.61094901,-122.3370206,Smith Tower,47.6018488,-122.3318543,bicycling,1350,422,,api
