day,time,timestamp
8/4/2025,6:00,1754312400
8/4/2025,7:00,1754316000
8/4/2025,8:00,1754319600
8/4/2025,9:00,1754323200
8/4/2025,10:00,1754326800
8/4/2025,11:00,1754330400
8/4/2025,12:00,1754334000
8/4/2025,13:00,1754337600
8/4/2025,14:00,1754341200
8/4/2025,15:00,1754344800
8/4/2025,16:00,1754348400
8/4/2025,17:00,1754352000
8/4/2025,18:00,1754355600
8/4/2025,19:00,1754359200
8/4/2025,20:00,1754362800
8/4/2025,21:00,1754366400
8/4/2025,22:00,1754370000
8/5/2025,6:00,1754398800
8/5/2025,7:00,1754402400
8/5/2025,8:00,1754406000
8/5/2025,9:00,1754409600
8/5/2025,10:00,1754413200
8/5/2025,11:00,1754416800
8/5/2025,12:00,1754420400
8/5/2025,13:00,1754424000
8/5/2025,14:00,1754427600
8/5/2025,15:00,1754431200
8/5/2025,16:00,1754434800
8/5/2025,17:00,1754438400
8/5/2025,18:00,1754442000
8/5/2025,19:00,1754445600
8/5/2025,20:00,1754449200
8/5/2025,21:00,1754452800
8/5/2025,22:00,1754456400
8/6/2025,6:00,1754485200
8/6/2025,7:00,1754488800
8/6/2025,8:00,1754492400
8/6/2025,9:00,1754496000
8/6/2025,10:00,1754499600
8/6/2025,11:00,1754503200
8/6/2025,12:00,1754506800
8/6/2025,13:00,1754510400
8/6/2025,14:00,1754514000
8/6/2025,15:00,1754517600
8/6/2025,16:00,1754521200
8/6/2025,17:00,1754524800
8/6/2025,18:00,1754528400
8/6/2025,19:00,1754532000
8/6/2025,20:00,1754535600
8/6/2025,21:00,1754539200
8/6/2025,22:00,1754542800
8/7/2025,6:00,1754571600
8/7/2025,7:00,1754575200
8/7/2025,8:00,1754578800
8/7/2025,9:00,1754582400
8/7/2025,10:00,1754586000
8/7/2025,11:00,1754589600
8/7/2025,12:00,1754593200
8/7/2025,13:00,1754596800
8/7/2025,14:00,1754600400
8/7/2025,15:00,1754604000
8/7/2025,16:00,1754607600
8/7/2025,17:00,1754611200
8/7/2025,18:00,1754614800
8/7/2025,19:00,1754618400
8/7/2025,20:00,1754622000
8/7/2025,21:00,1754625600
8/7/2025,22:00,1754629200
8/8/2025,6:00,1754658000
8/8/2025,7:00,1754661600
8/8/2025,8:00,1754665200
8/8/2025,9:00,1754668800
8/8/2025,10:00,1754672400
8/8/2025,11:00,1754676000
8/8/2025,12:00,1754679600
8/8/2025,13:00,1754683200
8/8/2025,14:00,1754686800
8/8/2025,15:00,1754690400
8/8/2025,16:00,1754694000
8/8/2025,17:00,1754697600
8/8/2025,18:00,1754701200
8/8/2025,19:00,1754704800
8/8/2025,20:00,1754708400
8/8/2025,21:00,1754712000
8/8/2025,22:00,1754715600
8/9/2025,6:00,1754744400
8/9/2025,7:00,1754748000
8/9/2025,8:00,1754751600
8/9/2025,9:00,1754755200
8/9/2025,10:00,1754758800
8/9/2025,11:00,1754762400
8/9/2025,12:00,1754766000
8/9/2025,13:00,1754769600
8/9/2025,14:00,1754773200
8/9/2025,15:00,1754776800
8/9/2025,16:00,1754780400
8/9/2025,17:00,1754784000
8/9/2025,18:00,1754787600
8/9/2025,19:00,1754791200
8/9/2025,20:00,1754794800
8/9/2025,21:00,1754798400
8/9/2025,22:00,1754802000
8/10/2025,6:00,1754830800
8/10/2025,7:00,1754834400
8/10/2025,8:00,1754838000
8/10/2025,9:00,1754841600
8/10/2025,10:00,1754845200
8/10/2025,11:00,1754848800
8/10/2025,12:00,1754852400
8/10/2025,13:00,1754856000
8/10/2025,14:00,1754859600
8/10/2025,15:00,1754863200
8/10/2025,16:00,1754866800
8/10/2025,17:00,1754870400
8/10/2025,18:00,1754874000
8/10/2025,19:00,1754877600
8/10/2025,20:00,1754881200
8/10/2025,21:00,1754884800
8/10/2025,22:00,1754888400
